player_id,drafted
c6d3ce49-28b6-4756-8061-b2bd68730c52,1.1256974271996522e-06
24dd0ae2-9d22-4d31-9cb6-c31f58f903b5,3.179941306593576e-06
0cf3e822-9446-4285-b7ed-7c19d8e976fe,3.6915048743287274e-05
b1a88de0-6852-4597-bb92-9164b40758e5,8.435032299946598e-06
97c327ce-d051-40f0-9166-1a43557c3c92,8.654772077335674e-05
34fe41f0-255d-4274-8462-860a221a9d5a,7.447708348018702e-07
f7292ab7-feed-434f-8cba-b193a02276c0,0.0018317246895574403
ac793895-8cec-4d08-9480-5d0458522614,0.010278459121947732
8b241a30-61cc-43a2-a4b3-fe4a632ef573,0.001972029435165811
5ab8c5c9-eac3-469a-9400-63f685d365b5,0.017014941298563027
764918b8-ddea-466e-89d6-9322dba2291b,1.6038004916318794e-06
f99541d2-60fc-416d-909e-abd7dc88aaf6,6.944248402051091e-06
cb7675b3-06a3-448f-95b8-ac1bec00488a,5.371165945463017e-11
2c611c62-0369-4a50-b7c1-700673df1964,1.3899410082547555e-05
580c861f-2ee9-4087-9b84-1339d83d467e,1.1630817957185115e-05
5fa6c67d-776c-4338-b064-6309d770a2c5,0.00036290876645236967
c580539f-84fd-421a-b2fc-7cf56ddb596d,8.76954648611982e-05
442aa033-15b1-418d-b4d3-8c1adfe2dd74,5.941281453520144e-05
ca0eb92b-835b-45fa-950b-382609b0d270,1.5736732915849867e-05
56db5cb1-dff0-4915-a0b3-39c79e724d6f,0.0008619667414642897
e131f57b-1709-4599-827c-2d22b55cce5f,0.0002455574969620915
bf880bcc-8213-4ba5-9980-e74c9cdac0c2,4.3635428452628246e-05
cc75eb26-5b3f-4d2b-9641-7d3542d5f015,9.884293585235705e-05
c75c0267-e95d-497b-869e-3c2914f7f0bd,0.056836493074474435
e8e02909-9496-4ce6-8f7e-a9496c7c70fd,2.5419542653661223e-06
8874e568-0fcb-40e6-8f5f-e862ad84d62c,5.921953104703573e-06
3867d275-e17f-41dd-9688-08fc9ed39a95,0.0007813856864518156
164e93aa-6e50-4328-897e-9594fc5626a2,0.0010773669342597257
f224b164-bf47-4dc5-9101-70f2ce57a322,1.2387168644290687e-07
645a7c48-4ec0-4380-9751-0326d7b84600,3.409349914060205e-07
45d4eaa3-5226-4532-8ba4-0753362b0971,4.627031478472037e-06
2478c0b7-a979-4393-aa3d-b3f408c40763,0.0013287170424999383
8469846d-f4e8-48cd-872b-73e53d2c6910,1.8609807731265727e-05
5001dafd-4db5-47e3-b281-da0f52a62f11,0.0012868357825392693
2d298957-f1e4-48c6-8abd-6493ddc94ce4,1.6856533737550138e-05
6ffdd80e-abec-476b-a420-a55541f96431,0.00014263898736478748
d573bdc9-e541-4cf2-aee8-ad1b52dd412c,8.991604955818354e-07
07667cba-1e25-4215-b648-e363d8ffc637,0.0006275450880561287
a34f3a77-bc08-46e7-828f-ce934737b4e7,8.448965119889454e-07
0807c9b9-f608-4912-9b3d-705fe955fe33,0.00013241119441766171
5e363080-689b-460a-85c5-71149bc98dac,0.0012006136312906438
d4c0bb14-8712-4ef1-878a-1e2e1226f63b,9.632496577863925e-05
2142f6f9-3821-4b4d-9872-a42a766605e1,0.00011945168249055472
17e05e2f-86e6-4a32-9ace-fdc4a81e92aa,0.0010101987713456975
5b3980a5-c52a-4dca-84b1-f6c90b8ca3a7,2.4829350993387644e-06
bd9925c0-3f2c-4b2d-96a1-3aab866f715c,0.00010144739603092407
946f2535-92d0-4475-9117-30fe634b1a64,4.7723600777144155e-05
2c0a1d35-92f2-4749-abcc-e3bc4f6a6c21,6.964806419405857e-08
a5e216e2-ec25-431f-9519-8bf3339454b8,7.036867583912929e-05
fc34c322-02d3-49ca-9136-36cf9d646a9c,0.00010600133722107244
51eb6684-6ce2-4aff-99ef-a53279705829,0.00015915110937987542
0f0a1f76-cdd6-4602-a5d5-2bc851582f93,0.0001682095594223271
781174d6-5dc0-4bc6-b2b1-6b4902a02eea,2.1182528508868717e-05
e9e1e094-22f2-411f-9a4d-408c6def6fad,9.632668851808268e-06
4571f52e-e0e9-4b5f-ab59-7aaa420fe2d0,0.010108684477567098
be1ad6d3-60b4-48f8-8de3-e03a7125b592,2.4928099969001636e-05
b64e4146-8b34-42ef-b3f4-397b92722398,8.668534818353033e-06
7638d874-9e5c-4a40-abc2-267fcdd1ee0c,4.354879228900304e-06
7574df39-21c2-4920-9f5d-5c0c6e37a58c,8.310164669781243e-07
f2deeb90-bb68-4c65-adfe-4860c8ce28dc,0.6823752920885197
93b82cd1-0bd0-4922-a7fa-ec7637c93c4f,5.771711299969801e-09
68a594c2-37be-4c10-b024-fc9441143a1f,3.309419202572732e-06
18fba9df-2026-4f01-bce8-984803a32a16,2.0774183597360886e-06
de6573e1-c764-41ee-8905-93b2081f599c,2.159442518923506e-06
d8a59c62-decc-47e9-ba1f-a93f36138c67,2.7063705148612098e-06
fc4faf09-2d20-4c4f-924d-52d553bfeb83,0.001737138035719232
db22cd2a-bc19-40fa-86e9-7fb3e2c2a163,0.0009939707261808672
88bcca86-e8e1-4840-b43d-df665c64388a,3.8742951061461565e-06
0d40ff57-e6c3-4b57-bb1d-6f8069cc53fa,7.692738115504192e-06
48007157-b51c-4daa-a82d-738923d9b58b,2.442507203358958e-05
1416c52b-79f9-45d7-a07e-733372e97303,8.883095436786112e-07
f835b110-c12d-4849-a161-a7f510635ed6,1.065052398644714e-06
27ff7885-8b1f-4712-b012-8cbe35aaf0f3,0.00021746146227024287
fefbebbb-de67-4394-8a7f-321ba64d4400,4.38684401426825e-07
3fd7f490-1660-4bba-adbd-7a0dbf668a62,2.723051026136175e-06
139a2b07-10d1-4441-977a-6cedcbfbb2c1,3.40421681146099e-11
a19d5d94-629f-4b85-8b09-ae32083ac51e,0.00030501657965576736
9dac5ab3-f9f2-4c59-8b28-e74927a108fa,1.9791141855707786e-06
3acfdf41-17c4-4296-9f93-be4336fb00ac,3.011779645441488e-06
82bdcea1-9093-4327-b692-90fd9f9e2acb,7.088765544000583e-06
5de3c1c2-85f3-4498-a3ae-78d23085dd2e,0.00010874211031541771
71abfaad-30b0-4d0f-b5c9-bf7c770701e8,0.0009150204780310672
da1aed7c-472e-47d6-ac40-8acfde020743,1.964176093007679e-06
6013972c-2853-4d5c-aa96-5c4f9edc3038,1.101215020556348e-06
f70f7e9b-89c0-4256-aea9-57ccbddd9c2f,6.237081759110448e-05
fddf5650-9115-4d89-aeba-47aa0ca92eda,1.8438351738527954e-05
0af8c84b-3202-45e6-a51f-a32e95f6ec39,1.2670837450406677e-06
a6c20b00-05d1-4ad2-bd6d-9236261a961b,3.7934805717946564e-06
f0fa4722-722f-4fe3-8d72-6a470873dd9c,7.443982952694559e-06
ad0aec16-3de2-4338-b57e-47ec4b2ce7ff,3.833625230386364e-12
87c788d2-5967-49e7-b7bf-3757bf776cbf,1.0726686470385594e-05
bac013b4-c020-43df-bc3b-4c6a19f977c4,2.0670684058270783e-06
6f46e6d8-34c6-4157-9989-ceeb39bd7456,0.025994457798857337
024b9381-4de0-4ad5-bfd1-2e7b2036571e,0.00011824521761213127
1083ad05-c96b-4f7f-9523-38028f34dbe3,3.805613381776375e-05
d6211668-121d-49d9-bb9d-a08c63f0edb0,3.849398246161806e-05
9e571deb-f1b0-40b0-979d-720c332c245b,7.990949606683939e-06
f00b64f1-abf5-4fef-bd98-6e0ae071edfe,0.00886464299746845
67c08bcc-3d10-49a2-a0e5-c8737dfef287,4.990645124599503e-05
17afd01d-7f91-4819-9ef3-734db03d12c2,1.9077701109641874e-05
3eae0610-6760-4c6f-8ae4-30df4ab51d52,1.131115737058324e-05
5c9cbbfe-0aa0-49ff-8bb7-49d0d53c45ce,3.864009181304065e-05
8db1a46c-2cf6-4bae-9591-d7fd357779e2,7.843967330171213e-06
bc0e309c-d338-4e2b-a92d-d6ff15f22008,3.3226162584944356e-06
c468fa73-5826-4c4a-8f02-590d0baa7991,2.5599621191702908e-05
26d14cb5-a811-4d6e-b4a5-e0ae417641a5,1.6683831348607833e-06
6a0802d6-d02a-4e45-a541-1c013824428c,1.2304373901435666e-06
11e864a1-daaf-4214-9d00-8969eee64fcf,7.040419091800473e-05
a5e511c2-322a-4797-8c8c-f194b6cd6d6f,2.3703992156401524e-05
cd9e2614-7d1e-4fd9-ad46-47d3a5cd0d97,1.6777801280139527e-06
0004b489-9b22-4af9-868c-186ca26f98fb,1.0554979859136607e-05
51774b0a-bd5c-48a9-889b-5d51830ac1d4,0.0005419612750632762
22c59629-85d3-4a77-9d7f-7e54724bafb0,0.00023932376115212188
07dc2820-cde6-4e52-a9d1-3249b40ad3a3,3.0667696795274827e-07
fc80f739-fbc0-49f4-b25e-418a6cc4c26a,0.005622040851166239
e9d414de-d2c9-461a-82f8-7ce74d6db55c,6.526629167163726e-05
45503c51-3967-4f28-8b32-077a29644c4a,0.0006713228873711784
ddc3fef3-2b17-47f0-aa19-c4b588fe5b45,2.012087052790425e-05
9c7a7af3-4b33-42cd-951b-ab13e717bf8e,5.061591412773958e-05
a12721c7-2234-46c2-b862-2fd0f99ea0e4,7.957816862547585e-06
7efb5e4a-ed35-41a2-b6c7-10b271f73995,2.1238852624070217e-09
8ed0f54b-4e24-4dd9-a33c-b55beb93ab16,4.570089994062071e-05
c27929a7-ecbd-48d6-9117-03fe29904ca1,1.5832620079851656e-07
6b47e20a-0a96-4e12-8526-e9e61a83d348,6.572974264354426e-12
4e8bee77-ccae-4eda-98b3-4762ee6873d3,1.3632807816147845e-11
01d0d4b2-1cab-4392-9185-c45f60fa6adc,3.919641476728186e-05
ae2b0cf0-5502-4661-a896-22bf7c00a0b7,2.8446900465450362e-06
e668f52d-f274-44bb-b477-524d5bde9070,6.413587393274465e-05
7353cc2d-7148-4875-90bb-917769bb98da,0.0001584568889583969
58868a66-5d74-46ae-aa3b-9e620be4dfb8,0.027657389593960333
f06825fd-d8a5-46c1-b2bb-da83bcfbc63d,0.0038695778224716267
ee9877b6-e4ce-4a20-a076-2bbb3e3b0aa8,3.8588565178353557e-07
5c914208-1f07-4ffe-80a0-b44cab0253de,3.5926806724551522e-09
2b043db6-0e65-4e7f-b95d-f9ffa9641aaf,5.480137862694134e-12
c41323ad-c95f-4a46-a1a5-3fd05a1fdde6,1.4831856570665962e-05
301abdbe-24d7-4eca-a8ae-8ff232718da6,6.07579528601509e-06
0b2069bc-3c08-41b7-a466-2de500566642,7.373647171684171e-05
8e17ea61-e264-4b95-bc7f-31a087c6d621,4.1418393585007634e-07
ea19f93c-1cb0-4ce7-94c5-6e38b59cb847,2.1616269888165498e-10
36c55f4e-3c4a-48ee-a7f7-f590fa3a553f,1.3106646408470086e-10
726a5c86-381c-4e69-80fe-22793dd7a5dc,4.644319053555827e-06
91f3e3ae-e636-469b-9834-14b08d41dc0b,5.10303913138367e-07
69df2a5a-41fe-42fa-999e-92700597ce5f,7.375996369829292e-06
ce7b9d51-e982-4e52-9372-c6b2ad4a82a1,0.00010438613291577198
9c31e09d-c6bf-45a7-8d42-f83feafe216b,1.7391781551754805e-05
ba54f6d0-5f52-465f-8698-a29fe5b68cc0,0.6539809644136335
ddf5a880-30e4-4205-a693-88a29a18a900,6.554804739203654e-06
ef2e5082-c5e5-4a3f-91e9-513c5ed9fcb7,1.6175236315374215e-09
fdb794a2-33b2-44f7-aeb0-9b5479fb7884,3.2457681794341106e-07
c5b3a1c7-2443-4d71-b0b2-6b3200da90a8,0.0005390204673324583
359c443a-e51d-41c7-afd3-1addc3e2d7fa,5.070311601719931e-12
a6d751e5-9e2d-4223-86f9-c056805c1f0b,1.4697793947768934e-06
693afa03-92a4-4112-848f-d196720bf6a9,2.6879476639331448e-06
280b815c-7805-4fa1-b5a3-efac7f0f3042,7.154047042495179e-06
52fce6dc-906d-4574-af94-f1e3ddc97d35,5.013034745595071e-06
28494bc2-1746-412e-aa1f-c148c6d41a01,3.0981534135096333e-07
b5d334d3-204f-4840-bcdb-cf5440b96b2b,1.3638664395611879e-08
27870761-704f-4f93-b07b-3dd40613c63d,4.12894076464267e-05
08303197-804e-44e6-bee2-e49a035faea2,1.2382063425619e-07
0439d35e-e05f-4de4-a3fa-bf62b3d44945,3.3383951081440074e-07
fcc78b93-dc9f-4309-b92d-6f1cdacfe477,2.0282490380221513e-08
4ba16e4e-78b5-4079-98ec-d81213b13243,2.4384141172974645e-06
8070bec6-45c3-4aba-9a6d-de40907fa6db,9.157654367117884e-12
bbebb4a6-0e03-454a-8580-6cbb5eb51e55,0.0037607214381049714
36ce52d8-6c26-421b-a5ce-577ed9b7d29c,1.1289234603252151e-07
1fc493b6-2e22-4788-9fd8-4df614ed6ba0,0.0001802629556023454
84a78c4f-ab90-4b0d-a277-da2edd70d438,9.041623700075355e-05
675af396-6b81-473d-955f-40fab409be30,1.9940170658704144e-05
eafecb8a-116d-4ada-8928-c1305968692b,7.584625499537156e-08
0634670e-37b9-45d9-a975-744f214f1a28,1.3835971450508075e-05
937cef2f-5719-4350-9bde-d999bbf532ae,1.2139467530513556e-05
53c73de0-32fa-4647-b9f0-602032ee8133,4.863812533753127e-06
56c60df5-0aa1-45b4-8b12-c970c46e0094,4.24316466408877e-05
e860d95f-ce8f-4683-90a7-fc3bc0d81fbf,9.123201381311296e-05
38508f8c-ab77-47e4-9276-c13334cef4df,1.3099482315362007e-05
a5e5296f-9f0b-408b-a255-25a84b0ebda7,2.2578143566807263e-05
ea466a06-9bee-4f2a-878b-5520669d609a,6.603538962386192e-06
cd6f27cb-8a73-4127-8235-55c557fbe4f3,2.2711640068571306e-05
8f2d0219-bf57-40ad-88ab-177e709f9d9f,2.3493146724561624e-07
8999c9a5-f628-4701-a2aa-b14daaf07a30,1.2694263313075432e-05
0554e8fa-96da-4839-9587-7179e31ffb4f,1.7648632110425362e-06
72deabe8-3dcd-4693-8b77-9ffbffa5e5e9,9.798485598044712e-05
674f1701-0cbe-47e9-9d98-c8cd642248b9,9.666611357284377e-06
76c845fd-e5cd-426b-9021-5a1233df2f14,1.2821095016802486e-06
5aae061a-4ad9-4b9a-a906-8ea9ad4d0e8d,1.2578892385375184e-05
b1693659-1cdf-4d7b-b5f2-e2dfa1e5b0a3,4.0525796475940454e-05
e78db1f7-1e8e-43e0-9e22-1775e7741ee8,2.816686391489354e-06
3c16d368-cf5f-4f71-a904-e505659dab54,1.68620396821918e-05
7a512585-14f4-447c-ac7c-93b78f4bbab5,1.2944231712413805e-05
c9b88dc7-e2a4-4cde-897d-7d378e7ef782,4.446925601486343e-05
55701863-660a-4388-9846-c0e2b98e8bc3,0.00024525296374033136
648ea375-ca51-4c36-b20a-0f24f323ab1f,3.5151705741122217e-06
f6b9d2fb-9cf5-4388-ad45-42fb3def68ca,0.0011447484239466988
0242c804-fcea-4f18-861d-a6e81fef11e2,0.00018342889627895198
b69faacc-6936-4798-86a2-92221d40a78c,0.000741561652401108
ac7daacf-39a0-47c7-9740-6b70e2559858,2.656080660709804e-05
09e0bd05-8d7d-4f8b-8e1f-37b17b606525,0.001543027542781045
ef3fe11e-b71f-475e-871b-1b7f1fe9725a,5.870030038110775e-05
36998af7-2102-4dc6-a4b2-a1b28a621374,2.6393189200671633e-06
c569520c-c415-487a-ba1b-a241b2b71fcc,5.85362146928793e-07
c52b332a-3224-47f1-a356-2380fc0d6a8e,3.371523041417198e-07
364579c0-dbe4-4cff-8a8c-6fd2677131fa,2.938755041756782e-06
56b9bc78-ceb8-40bf-9048-03af7ef15a6b,1.929962194491376e-07
8151c987-a70e-4d0a-8414-6da48469f61a,4.094058971191518e-06
add70348-9484-4d0f-98bb-a3e407cd072c,1.8200682314759724e-05
36aea9e7-abeb-4f06-a8da-0f27d1d94752,0.00012687380146523283
90a3a999-5401-4f14-b95d-a5587e925bb9,2.3889850279701036e-05
1cc859e0-1196-4ee9-b5b7-39da632e13e6,0.035439692498158544
9beab2c6-e7b9-4844-9240-6526abaf8d6e,1.0241792495154846e-05
7bdb4e6f-87ef-4891-9c68-66bec76d90e0,0.05053936307468327
c773ff65-3a48-4cdb-93d6-b4e16c2e6791,4.200966776156806e-05
06074df6-252f-4a44-a567-3ef228ae56f3,3.784345246793654e-05
ea246ee4-dc90-49d0-b7fc-9f4110b9a156,1.4610309846248228e-06
27c78f8f-f71f-4fdd-b9e4-5a9b7bcc50d0,0.0003999646200497561
5b404d88-5283-4c15-a71a-e61da66493b6,2.112622064692263e-07
51ce02c9-5802-4c10-930f-66636b2d80cf,1.481814324622438e-06
11198a33-c68a-4ed0-b494-e97eda994022,0.00029730014798499797
9f2e3b7f-1e8a-4175-bc6b-163ef246c696,2.2484564151382795e-06
09473f40-74b4-4461-8b36-43ef3f74444f,0.0002342492933475073
f1ac3cc8-1fe6-42cd-aebe-6bd2e347d87b,8.919495327984104e-07
a7102afe-0a38-4634-be53-5d767b266900,0.001213752054857791
21bf9916-01b6-482b-a8e4-408eee2d1ab4,7.854767627854601e-05
646502bd-13fb-4a56-b984-e313173748f7,0.9017205974223269
73ec806e-28e1-4916-b1e1-dae558b0dd99,0.11971633793327735
24b8faf5-f6fc-47e0-9014-18b0665ee077,2.0255038991604265e-06
579fa5a8-7940-4a9b-8494-5065e79a234e,0.0003772303843635012
b2fe24fe-f5f7-42d7-824f-7f46ff40bd61,0.0005781184064915422
1629d0c2-f5ac-476a-af0c-1f9d28df0949,0.00019519614667942123
35e1d7ca-f5fe-496a-bc74-88b2c25ccde7,0.0007912387436026925
eb0154d3-d35d-4029-909b-3435d9563efd,2.9591764116016073e-06
ce13b083-a6bc-4dc7-b728-ab11fd0e3400,4.824163386887552e-07
b45a6e08-c48c-4ae6-b900-2c50ec9d34fc,2.8732123475282304e-06
e420c848-9e9d-435e-bb94-f28bbf6c5547,0.0002199674837092738
0ab224cd-4dd6-4444-8e27-b6a8c6d1ce57,0.00027822868467005925
18272e3d-87c2-4974-87ed-ec302e4b5f79,3.235118535962168e-05
1d8d7d5f-e034-4eb5-b41e-8e9d28dd9c31,9.419860568202562e-05
5a2de285-4061-4c92-aebe-b4e400510a82,0.001033409258510515
d187d7a2-a824-4b68-89df-a6bf7588f1f3,0.001503257814630811
3e94c74c-4fe7-4d93-8be9-c3ba517b2f1a,0.000395930523700188
a02a1450-9216-423e-8c64-a1f0438ee28f,2.8314031226811955e-06
7ae2e299-9f0a-4b9c-9670-0b7e255360e2,5.898078515515007e-06
b746d700-06d2-4da0-bdfa-9cdf653ab49a,0.0005911826021593278
fe62cc9c-3474-4211-9085-dd61b99f8053,0.0018821687594411762
3e89d322-5193-4ec5-86f4-c02ff6263817,1.5953240789990121e-06
ccbcc45a-41f4-483b-9d44-45b2f4b9101e,5.810426536222138e-07
06577a81-5461-4eb3-8339-0cab3aeaddef,3.4366433563836182e-06
1c28c83c-8b0e-415f-963c-ac9b374440dd,1.224714340740109e-05
1b45c1a5-ecb4-416e-943b-2dc5bd7cd5fd,3.403216402199998e-07
5b4a0c1d-f7f4-429e-9034-537d1b16b592,0.0002613022432564031
96144314-202d-46e7-854a-74d47c37b616,0.00011044445693224805
d74db02b-b289-4b13-b013-9f596fbbe3cf,5.580532612073825e-07
07287424-337d-48e0-84e4-475d938c9148,1.1771170036690414e-05
87052250-b261-40dd-9d3b-e221540a5605,3.6271577497216203e-07
288e45ea-7c6f-45ec-8223-cc59391eecb6,2.440889984152027e-07
c0967b61-7bb5-4e56-a6f9-46cb433c701f,7.630383168751378e-05
3ac7df60-9e5a-42d7-a860-e598cfa30198,1.1584455822447461e-06
bd82ba98-a3be-4012-add7-06a0690fb650,3.5244080010570255e-07
d08d422b-e22c-4f54-960b-10a64a719058,3.0588688442192494e-05
824d3b22-77d2-4ba6-a0e8-1a7724559504,0.0003540490690652873
8d7d5224-a87d-4c84-a816-8873a6df9ae1,0.08360682094424536
74a53761-adea-4687-98c1-597be356f0a4,3.885207439486533e-06
8192f8f0-f53f-4ee6-a8ef-5f4e81094982,1.6555759081731896e-06
5427f367-c3f8-47b5-908c-c79873d10e23,6.255961328662174e-06
c7203eeb-38d8-490c-a3a4-b9f060a0a469,1.509924943161423e-05
b5915f23-c5e4-438e-93a0-28cda231d161,2.790822702658468e-05
78dab59c-ea61-461e-bcc7-1747e09563b7,0.9992937276043508
1181aa10-4fec-4d48-bf8e-d476d7f07423,2.98991928047446e-06
ade3cfeb-28d0-4bdd-99d0-0bc9ae611005,6.830278085178209e-05
3dee3454-b4f2-4d74-9d85-5701fbb6ea03,1.2196009182839362e-05
cf6aedf5-8dbf-49b5-8971-97022d89831c,2.1524486380342604e-11
661275e0-66f9-4c5f-bab4-7a124a71127e,0.0007088483901534371
b1383e19-6d92-4ded-a3dc-775370a2b3dc,1.0241506437539428e-06
5375a233-ea8b-428c-88c3-e37a36b6e6e0,2.2552804594305925e-05
0fd0b048-7fd5-4cf2-947b-b03470d71018,0.00037905931273909634
6a5bf63f-37ea-4b18-afd6-628b528bbccd,9.170124923707329e-07
f901cbf9-79e1-4fb0-adbb-faf8fb9a991e,3.9986747139283526e-05
f80ae756-123b-444f-87b3-18b6f907aa09,0.007588029008746601
ef90606f-708f-45ff-87d6-7191dd3e336e,2.243321800685413e-05
04ec226d-7d87-4b5b-b1a6-e7c157555f15,0.00011667703615408922
630b2c19-b473-4ec3-890d-b8d867f52b56,0.34335600732396704
2d26684e-ab06-4588-a321-be1d094ef4a0,8.277640764834264e-06
10bc863f-eb4c-4fd0-b6ec-8853f8cdde8e,3.913130838585049e-05
90f90a02-d79d-4063-9306-332cffcd1df2,1.9448516859039293e-05
0546fd02-0c17-4812-9a00-a4a46cb1b128,0.00023477480107733534
64b9f7c0-d76c-4299-a823-28b9e04c93bd,3.5571029669950373e-06
f21ec6df-4490-46fd-89da-776e261d5dbc,9.8429737202291e-05
9c565dff-3ba4-433f-bd98-6cf94bacaf7e,0.0016667467756363518
f2640b87-98ce-4197-9342-0c2a4ae90c2c,0.0013026159996523065
872d2f0d-3fb3-42a4-b6c0-8d848ae0a869,5.22616853669378e-05
2a24268f-f38e-4ecb-a27f-a408a2e98d96,9.221377513530393e-11
ecaa7c44-69f8-40e0-977e-cb45c2779e68,0.010510368482460002
c462556e-1de6-4b08-b4aa-a2bc80b3e454,0.0011603708711197954
36736f68-df57-40c1-a21a-8d1e2903852d,0.00020574749462830405
59f21b01-c7d9-4f91-97df-dd33be5109ab,5.7903176922365875e-05
d1125bc5-2685-467b-aa8c-7b3278e677f2,1.5781802784825985e-06
3f7e05d4-c48f-4294-b492-fde5fa979334,0.00026436418753100364
8c79007d-9a65-4689-bd65-dbfb5d4c4665,6.988701325984704e-05
8ee4166f-c9a0-4fa3-b281-5869d32129b9,7.789170130821926e-06
89000142-41e0-4eb5-ab84-d8b5fa724949,1.3384914505005095e-05
ae4c554f-eb5e-4782-9b91-e94e89df7d80,7.98769211213674e-07
b82ca340-070d-4c6d-8fe8-8289514c7c2c,6.285267994249915e-07
032ebb22-7af9-4f92-babd-69ac83b28213,0.00048616749176354354
833a24ce-10fc-46d2-8fa9-761f76708add,8.73785271449245e-07
227e48ac-2003-4dbc-b1a6-5ce7e24a8dbf,0.00020410898524026407
b5f2c4f9-28be-46e8-b24f-6f816e89b86d,0.0015133407221321552
02ae0170-c69f-49ae-9fc6-10f1005820e3,0.0011397091288217931
1a666bcb-8725-4be3-bce1-7739a0553409,6.235511248488677e-05
c8f153d0-c8e1-4857-aef0-9edf48657a5b,0.00012910184621904987
0097b23c-59d5-4585-9c79-944393e5fb89,4.988566101285425e-07
f1588200-c5f3-4d6a-ba03-da74e06e1fa5,8.436076336954966e-06
61e84088-2bde-4ee8-9834-5112d4f95d33,4.81930446111154e-07
aff23ae1-e782-479f-bd86-6725a3b7cc03,4.087518894395885e-06
157bd7eb-48df-4d75-8ea3-97cff3f63c33,4.312330469985631e-05
1a173eba-56e6-44d5-8601-1e9ef5139be5,3.4959924230659714e-06
52d75c9b-7f4a-4d44-a361-a840052c819e,1.6389739011947329e-06
565ded2d-3c64-4637-8ac9-56f6b7fb5623,2.0000773671847534e-06
473a2d34-046e-4c6e-8b64-7e6d2d8c4424,0.0009030953411529866
ac763ab9-a196-45bc-9ca2-bd39e5098ab6,5.911524348727302e-06
efd47bd4-4250-4585-8f53-f575c6d518c6,0.00010571682015050785
6c6a4058-d602-493f-ae7e-74e45f1fd6c0,2.1836335082235555e-07
dcfec57e-a2bb-487c-a478-e680c07467ee,8.451361980246592e-08
de103409-3b36-4f98-bfe2-c49c259d779d,5.733231733505564e-06
25be9d85-8582-4244-80fb-3bb2c8554399,6.764218289256088e-12
f89de6ff-6e55-4016-bc41-7f6131e5023f,4.9135286186894025e-06
7229a473-3b32-478b-b4a6-d9bcdd2c888e,9.276011699201634e-06
d8433768-ae01-4bd4-bb22-04cb05c4f85a,8.751949859889251e-11
5f3b612d-25db-4778-8ec6-20ab1b8dd838,1.8821678725319394e-05
f57c7d03-f1f5-45ae-ae93-1698b08f84de,9.650460548227494e-05
caa4d7ce-fcff-4089-8374-455ad9388ef3,2.7226869791274405e-05
227c2274-b041-4d71-9215-b4afe1bf76e7,2.8318665823959893e-05
6edb7b64-ca1d-429b-a3e7-4cbedd5e40cf,1.2760059062002135e-05
ac85795e-efd2-472d-ac02-ec0d0a2aea3b,6.557599385197375e-06
3b126f6a-28d3-47d1-97d5-78b9a7f0ce0b,1.4992513200078027e-05
eb164ec9-972a-4958-8365-3919684f0c10,0.00019761195263761272
74adc3ea-a689-4145-a4d1-63af819a23b5,0.001269961943206829
204ab1d4-1629-4d27-8eaf-0757c2837e49,5.144552609935293e-05
4a843ab3-c27d-4415-8a9c-cbea58cb25a9,5.779310969434564e-06
8ccae501-86d0-46eb-b74a-ba27065c17a6,8.189813104159458e-06
58fa160a-5547-4518-a9bd-d3d2026e70e7,6.173033453759217e-07
9ed29943-ce3b-4209-a88e-adc69cb615b0,2.0436746260696546e-06
9adab11a-8a81-43bf-9d49-de1bb47ae828,0.00010030706084565272
7ab4155d-9316-430f-9472-fabb5a90cff6,1.6198013958949783e-11
097a19c3-4e40-420d-bf21-25f65b0782f4,9.114428245993136e-05
f960c121-09de-4c43-8c8c-26c2635ecae2,2.593767177471776e-05
98f413c4-8cfa-414f-9086-1fb6f41afe82,0.0026371341760637406
6a1cd0ae-f86b-44f0-aa4e-9928280b8f5d,4.356248320892626e-05
9ec4120a-43fc-488d-985c-ddb0c17175d0,1.5753456208480765e-05
90756411-825a-487f-94ab-ef3f5c6df88f,1.1427898082001943e-05
920abd5a-bb4d-4c4f-a0b3-1f3351fbe0a1,0.0014811174921329053
9bc9f5f4-a169-48fa-b060-6fd9124873e9,8.846968070289198e-05
0edb919e-6c51-47fe-b63d-58d1d520694b,8.174855200576806e-05
8ed4a42e-fbd4-426c-977f-bca3907ee941,0.001038351778751561
cef87fad-595f-48e9-9537-dcf77d87a70b,5.407910403065922e-07
bb08a05e-c779-49c0-a424-f3cef70122c0,0.0012215946378374863
5e5eff58-56ec-4233-bf26-04284c74ac99,0.0008178639975643554
d56fc7b3-e025-403c-8720-773b35513f4b,1.812699054507642e-05
d7331832-14c9-40a9-9e2a-fa6de897204b,3.758784821364208e-07
c6a9c88e-d2f8-4505-bac0-fe6553881df6,0.0010518873172761971
c11b9808-56eb-4db1-bf15-70cd6ce26ed3,0.000595616509111192
62730148-c781-41ae-a092-ac44310688c5,0.0013795303685526087
281c8df9-ea25-4bbb-b1a9-98d8ed5adc0e,0.8528152444248895
783ba195-fac2-4582-996d-d19a3f899bd3,0.00017419035213305916
cefab550-824f-4858-b3bc-3e7313cf1a25,4.268809706995798e-06
ff895a43-d9f7-48ec-8db0-7cdf0594f633,0.0005949847439079476
04a50fe8-5e40-4215-9aa7-f7e734ecf69c,1.1129903396159113e-06
9f3b2761-13a9-46dd-be7d-8a16a887b10f,9.096488086917479e-07
c64e7a91-cc41-4466-ae8f-90802ba32261,2.5753690061498356e-05
775b1377-1965-4d49-a944-b9dfa8116e1a,3.7469648383512553e-05
e096e7f5-6100-4fc8-8fdb-f3e1666d77fd,0.9338620103638325
b16e0b39-288c-40fc-9b15-b34af29c7c63,0.0007446823033055235
dba3c582-d284-4ebc-b774-05ef97fdb03d,1.5432800204415272e-06
3fbafdbb-db65-4dde-81ce-b8007896ab00,0.004304808752865782
391712ef-60db-4f4c-8e12-9a034e70e154,0.8561463158885083
4a2a2b8c-2ff8-497b-8c7a-c2c430c585f6,0.00012629250770070333
ab4004c4-b4f5-41a3-b06b-dd6b7c04b648,5.4030387006775526e-05
fb5fe397-ac4d-49bd-b798-e0bfb307bf71,0.0013228840532845273
44b25723-c6fa-4847-b2cb-e2ba09b325f2,0.00022552463781627652
00cd53c8-6d3c-4c91-a6c0-ceaa04cb1633,4.230966484987573e-07
4a5b6b00-4a13-4729-9dd4-4012e14c1b2b,0.00019514125338529432
aead028b-4771-482f-8ca6-2ff9519ad7a6,0.11701449819868892
09c34ea5-85a3-4c09-b7d8-24131514fc8b,1.4924883191474112e-06
a4242ba1-ca69-4c5f-86e3-e8468fd30f11,4.413499648149807e-06
e1c5f776-8242-4ccb-a910-353a14203c58,1.2365199461210493e-06
2daa2645-61d5-4ff3-9ffd-a141e72b8483,0.00010882411615901605
f2e7a03d-3ef2-436b-9687-d52a045b5512,5.406992791727657e-10
bd2fba03-746f-4138-878c-606c2eee26fa,2.724106329469865e-07
94b991dd-f19a-481d-8160-80f9dc10cec4,5.9868784373020865e-06
cc5fb511-b92d-4f3f-9243-17c8028d1a5a,3.751532854082301e-07
57dcc7c2-6b15-4da0-aa86-0024159f837d,1.3718184880070162e-07
7bfec9b7-4cd6-4f36-a463-4eb120747e39,2.340340598552206e-09
55cf62f2-7441-4e44-8bd1-5c0c30feddfc,8.786944452196514e-06
4b2a998c-8420-4553-ba12-0bff9a901803,0.00010452720304451252
3e51b2e9-0eba-4592-a61c-1abb23a6c14d,2.4411483570796552e-08
c8fefbc5-6a1d-4171-ad2a-bd82fec4d813,3.3473839251669133e-06
7e383bdc-57b5-4c87-9e1b-2ffd67a723a9,0.00037806963495064764
335a377c-7e72-4db4-bbee-66b989a603d5,1.7946857817471062e-05
95f67ec2-8c0e-41d3-994e-3e40090f843f,8.467055556627903e-05
a8f1b2be-b90a-4005-8dae-b0d875005fe4,2.5340669143391648e-11
76178835-45a7-47d4-9f4e-9541879f13a1,6.36299986688216e-05
f14fb02a-f3c7-433a-85c7-287126ca377c,1.3438806455846543e-06
f4b40f26-87dc-498a-a1eb-189b8658cb94,1.9769698515236047e-06
c665c994-b74d-473f-908f-438400281d74,4.866618286509272e-06
4801fcd4-bca9-430c-a44c-2e6d3ae007d7,3.8051256235315675e-06
d6267eb5-0049-46d0-8f90-9b817aeadc40,2.7882697873386187e-05
36af046f-34f9-4e80-881e-3e22605ef4cc,0.0003664338578803499
a569d5c1-7678-4400-9331-fdd6b71fb96f,1.1058809799432561e-06
37fb03f6-5765-442f-b09a-aba8170778e6,3.715728982467801e-06
6d1eea31-f602-4b35-ab58-8e1246ceba9c,7.036089532860501e-05
de7cbc01-de36-4898-ba3c-3dc3f0d1a438,0.001119022546531176
5dc0c46e-f1c8-4c35-b3e3-ec95034b6801,2.9179707526358352e-05
fd55b8b6-1a4f-4433-8343-efa7ee9659d7,0.000990662880996199
30a84a6f-428b-4146-8dd5-051b4351c103,1.4107375597531471e-05
6c82168a-3c42-493a-ab99-80aa80aa81ca,9.100996763212997e-07
507f34ee-f193-49a4-a903-1b2a2329de07,0.00030655016974469676
47551904-d3fe-4b8e-9c17-3452fc8e9679,0.0023879986896221447
0d78451f-ac8a-4850-857e-fdf5dcbf8261,0.00196711402173399
1c27b8aa-e45d-4d60-90ff-c83cebcb111a,3.278228574389668e-05
5971e774-2ba3-4625-aede-7024d7dbc4f7,0.3365599486934566
b3af9263-20d9-4ac4-90eb-ee7df8a8a653,7.015762540235298e-12
9c157871-5633-4166-8723-ccfb8d759b3f,2.9352244979518097e-09
3cd16517-afe2-41eb-acea-17013a2317a2,1.3940088693704115e-05
8f178ef9-522d-4ea1-8dac-41c75d64977c,0.03517149229134793
aa731e77-fbdc-476a-bce6-e09b6ef867b6,0.004480702586074176
f7f5c4f0-f136-4c68-bec7-1bc5ed72f246,1.2143577770047587e-05
6ba9cfa7-88bd-4a0c-909f-c29ddafe53b1,0.0002476521059310791
25ccd864-e37f-4c5d-a7ab-60ccc121e207,0.0009279682143688218
fe5ba1a0-3bed-4b73-9458-c2c8e5f9ccc9,0.001008249319075221
bc7ddce4-c88e-4959-a876-816dc35ea68d,0.0009536567390153321
6a7239d8-042e-458f-a1f4-85300f842996,0.04962545309017117
a19a7daa-e970-42ff-af5b-d413e19763eb,2.2884462679007518e-08
cf7e119d-959d-4766-85ca-eee1fd4dcfe9,0.0009348038036240071
b5213081-34f0-4868-b893-fc5f207c8b48,0.003007528585544163
cd4ac085-1954-4761-957b-2b0764f89802,5.705769849911797e-05
bec2ec92-ac9b-4d86-87e1-130df934527e,0.009237490006718531
c1dee184-210d-49db-980f-15f2d9f36904,1.3844145739824822e-05
b8f9ba1f-4164-4ea6-86a8-761fb4fa94d9,1.4389497375875168e-05
14e8f0a5-8b31-45ff-8f63-43e8955d706b,1.902768779830993e-05
facf39d7-6c90-44ea-8f0c-19cb65bbd010,0.00028282530568740356
2bcd31c0-dcf0-4d40-9911-705bc1496512,4.892472429248798e-07
3778147a-6acf-46a4-bfd5-69a0a57a663d,6.9177524901403045e-06
5fb0dcbc-e91d-484f-acc8-1dbb7959abb5,1.8776087464517065e-05
fa71117c-fd73-4f88-aa55-bf98aadb3b48,4.890195471557829e-05
eb9e78a4-9a6f-4123-a2dc-9d5e33b1ba22,3.9882276700524915e-05
563c8e82-15d0-4b2f-b0bb-57eaa30e5aa9,0.006557074412917743
500c8b5f-be66-466c-928e-d5dc9d612e74,6.580978013555153e-06
15c670fb-83a5-43ce-b25b-c0c5db5d9f13,0.02748924229933138
68ec538c-21dc-4c61-86c6-6f81b3e66ca1,0.0003117004721051885
057e9f05-fee9-4ecd-ab1b-494c514d541e,2.539594803339817e-05
28253048-0c93-4de8-afa1-ec8babf2fa6d,1.7147001760455514e-06
b4846016-3685-4a8b-a737-0ea832ee3cf6,5.814365164683477e-07
0287e690-271e-4e83-8ee1-2f982170ebb0,2.5790185597678513e-06
ceb139af-fd09-4008-828b-87ae29668683,2.0797275254896327e-10
387093f2-f8ab-42ab-ac45-339d3db13730,1.622827189558006e-05
64ad3a4b-3da8-45b3-bd12-fdc0e21b4341,2.2269881051046837e-05
10b0ed27-7678-4c16-af70-3999e9a1d30f,0.0001162137661468794
8399fd13-0083-4458-b6fd-7adbb73a26d5,0.009422257003962438
4b040479-755b-4517-af37-6984e1e0a709,2.4186238042499454e-05
1dc89ca2-4365-485b-b26d-045cc39827eb,1.3721588454628092e-05
b090f9f9-0ffa-41e9-b4a0-fbcd7fbf07ee,8.369123131349986e-05
f54769b2-bc5b-471b-bf5d-e23ef9cfb573,0.00010179994329343961
4b440957-8fa0-4d92-8f5e-c1bbbb5204cc,0.00010955816440448648
c3e63037-c601-4d8a-9d4c-aa50117e94b9,0.0013931313889400103
98cf04f8-5195-4ad4-ab17-2a4932827dd4,9.785320141683585e-11
9ea93ca2-a65f-4dd8-9849-add16225a559,6.565052938946096e-05
45597ecc-ee64-4fb0-bb4a-6143446b585b,1.1130233968783814e-05
242c742e-e5d8-4588-a343-662a7cf66639,0.0007248937285063799
e5512fb2-3dc7-42a5-b1fa-02fb39781338,0.003845138345648617
7a6a59f9-c1e3-44e3-8b55-aee219f04f1f,1.189941552451446e-05
f19a774a-e857-4afb-bd44-3a305741fe6e,2.235984256131913e-05
54cba7c7-53f3-40e4-a5c7-0907218b17b5,9.71337612432653e-06
88f13db8-232d-47a6-ab57-de8b7069336d,3.15103379896502e-05
5008e9fd-1d6e-4dfb-989b-05fb86f00dae,0.015243180347645125
05db15b3-7ad8-40d0-bf4e-6a9ff2cba990,0.00032132590032291395
a1f23285-070a-4ab8-84b4-d60b8f8ea50a,0.0005605553631041532
4e342361-ced4-406b-8f97-f7b2baf1b14b,0.00020863535836513367
664d2bbb-081b-43e9-a5a7-cd7a0231bf28,7.265996594566499e-06
7b621df5-1bbf-459d-a5ca-ac1e33bd5639,0.02540613316487215
a270ec2f-e59d-4633-8a6c-754d4c5f514c,6.948047639536026e-05
835c2cf1-cffd-4de1-bc2b-02ae8fd87b2f,1.0800048321011316e-10
6c8d9314-f829-4a9b-8467-3ca9a4eac8b5,0.0002816749697591198
2afc1baa-34e9-4eb9-9235-8594856fe491,1.0853635240159255e-06
7be787cf-7d3f-4070-97c3-469d1aebec93,0.022233129461578422
58f571f5-62e7-4ed9-b45c-15fc06ca1c3a,1.3716559712245766e-05
e31f7df9-e289-49ad-979e-d1229c06219d,2.8672578550790936e-06
c978bdfa-9095-4b4a-88f8-ce20f4d464ea,3.13665187539222e-05
ab237d04-6359-441b-91e6-e76bbd4faedc,5.173014289712069e-05
c3ab4437-7545-4581-9d58-8b5a3fe6f638,0.0016468458393718761
ad28cdc4-416b-43f7-876e-eb548e8cff60,0.061802197213275824
f97341c9-86d5-49d7-975a-1a68ca45b6f8,6.859866842906635e-05
3d7646a4-66b5-4e61-b9cf-f3f0cc1a6904,5.1581458987978084e-05
b99b93c9-09ec-4dd1-b28e-bd9b0ad9c697,5.043490428031409e-06
e6b430a0-bab2-48cf-84e1-39d7a77325f5,8.105891319807887e-06
baa7ccea-0a3f-4c7d-97af-03ab460c9ecb,1.8893048808072955e-07
6519f8cc-9b1a-4907-a72c-97e56f6dc160,0.0013619385341271841
a29abaab-cdf2-4da4-a48e-76fc483470af,1.4139572383349662e-05
1a075f31-c9f4-4cf9-a227-b878858e68a9,6.787365747850436e-07
8469dea5-3a74-4a50-8221-e1ce9c4a40e0,0.0005720633904070388
eb11855b-e215-4761-b0b9-d3cbce87d119,9.11888505463784e-12
2bcab4ea-9c14-45f8-bf2e-6dfc2addab83,0.0014431978433633239
d45d35e5-2b60-4001-85c1-d6cb0e7a59e0,2.3808539661195125e-07
7bfa20c1-0833-4127-9776-056c4f4c561e,0.012643995648121529
385f8a72-5959-4756-afa5-3febc2ee8aab,5.848923940218247e-06
0cbed9df-1307-476d-bdbf-d24519f73020,7.811203172512739e-07
dac57a1c-6254-4253-b609-56cef12aea31,1.6511233026152733e-06
edf71bda-a8a7-4165-b5b6-e18e321565ec,1.778632615752901e-09
f3be800e-3e9d-4ffa-8bbb-4e00398b4774,2.8760325429007092e-05
7a838026-4e28-4233-8ce7-98a41c8951b5,1.9739633771590936e-06
879d415d-e3ca-4b75-9dcc-313ca9d9a37a,0.0002836889004788597
3fa0c4e4-ed18-42cc-9298-8d4b56d75aca,1.7241346195493615e-05
dbf307db-18fa-4e19-afb5-22d72e182d01,2.9089344673748163e-05
0514a254-42da-4482-9ccd-7eda4df1aeab,0.00012565983972127127
02830406-d015-4d0b-a984-b9088b265394,5.4735010462364804e-05
d56fd717-bf9c-4bca-8a19-63ff6a8a399f,3.6746932764259634e-05
47a29a52-c82f-431f-b495-ef5b8bc284e2,4.5545684228993775e-05
0ae10344-ac01-413b-95c1-84512908c1de,1.448302451019605e-05
01f84635-8b7a-4609-a867-3f0a661f9076,0.0002188193572830063
9c099bef-dddf-4e82-af4d-83edbd97a01d,1.4839022123104693e-08
1d27b48d-819f-4d1a-a220-60dde3e95129,8.287920823738059e-05
b7ff4c2b-e414-41a4-ba7e-2b15e52d1177,1.4599609134546286e-07
34c09b9f-6ffd-4dfc-ab86-a0cd9464753e,1.6111494926154285e-05
0c355859-f6e0-473a-8cab-429d0d23b3e4,3.937572888209301e-06
82915137-cde2-4622-903a-a3a78b1acd7f,1.0159356793094195e-06
d88fd36d-020d-47d8-9c9b-604e8a9bd9ed,5.315737166335974e-07
bf71013a-5bdc-4b8e-a2e8-51ae23b74fd5,2.745844328514924e-06
58bdba2d-076a-49a9-b85c-e21bd2ee54db,4.4539690921898506e-05
53d8ad32-11c6-437c-a1df-9bed3bd2321c,1.3325230547178057e-05
3a47c1b5-2fb7-4828-a267-a649acdf6bb5,5.060413414422715e-09
b096e59d-9fc9-4c9a-b12f-8dbd01deee1d,0.00010645636167215509
db3fa8e5-0406-42fe-8615-0c6ccbbc36ee,0.001978318991487403
35e38e7f-53a0-4b47-857e-48fe9d522f62,1.3617393588751215e-06
5738be77-245d-4c03-b39a-8c7f234ac997,2.394498813875001e-05
2c77cd1e-336f-4884-8ada-71f3ee97ace8,0.000369692152533236
15ef512e-8b29-44e7-b46f-572ea2c527f9,0.0023579209115859806
6c5d57ff-d22f-4bc4-91cc-bf75d1d1e233,2.5742050954363814e-06
c182601b-7d17-4d37-8846-939687380cb2,1.0975168968000272e-05
59f4417e-fce8-448d-bc86-06c7dcab658a,7.777176920235332e-06
089cf4af-c2f4-42a5-b4b6-2d524b2cba43,3.497916975782866e-07
b948b0c8-4826-45f5-8085-5d1a46706877,5.854331862475859e-09
9eebf2a2-a749-402c-92b4-9eb43469ae15,9.528714977111196e-05
56eb3806-b4ed-4455-bb30-c8a509533fd1,1.2309295258132315e-05
98d04977-895a-47cb-8ca4-249d42bd802f,3.763619984150664e-05
aff7140b-4c82-43c4-95d6-aa0695f1e6a7,1.1468573616915255e-11
859a9431-840b-40e0-8d35-ae1b3f7ddeec,0.04301645577915204
f6603ce7-c875-4900-be16-92c233014e4b,1.9670164511818013e-06
ae8cd254-9f2b-4ef3-879a-4c17240ed1b3,4.0395078074961123e-10
9061d570-b2b0-4897-9bb0-91da0ea973da,8.099297911181089e-06
8c5ebdc2-4b55-47b4-abef-aba892738e1a,0.00041443545212148933
53c65614-f0bb-4bbe-85ad-fae2c5d6ed7f,0.00016112426647450895
67fc15b4-f631-44d2-a563-8cd3cab64305,7.552687607762746e-05
89a2d1ad-4ba6-4276-9aba-260d486f4db1,1.0177591013203629e-10
d621e870-339b-431b-89e8-31cb9300a7fd,0.014947798545109069
00f56648-b96d-4a76-aa82-332a7fddefca,6.91636658385688e-12
6da59f10-56d3-4635-8085-f0dc399b5774,0.0016002943598085024
ec78ceaa-8a39-430a-bfb7-410c602ae17e,4.777458899231735e-06
4bae4bfe-c46d-4806-a49b-b046b7d38876,4.383895517006026e-06
bebc6e74-df1a-45fd-900d-69b3daa481a1,2.1844001042848717e-06
e7fa5499-cc66-493b-afa8-487cf51abd07,0.001350089986991574
ecf1fda9-dad1-45e6-a3c5-1e189b09895f,3.942540997142831e-06
2ebc5c7c-e606-4c9f-95b3-377a26e54cf2,6.030428241474471e-06
771c0155-41df-4adf-a80e-48adf68c1655,0.0002664507746328702
01e9d296-d724-4528-9558-afabf4aa7053,0.00011866220052069408
46073d4c-2e74-4357-aa68-c7af8f8986bc,5.172557729702045e-06
6e9ef518-fb50-4522-bc89-b2f852a0396f,0.4680079103542469
f8fa76c2-4305-474e-a837-bc9a550a9d62,2.9604581528700445e-11
bbb8a4d8-779c-47d1-964c-44607aa6fc71,1.548612411477129e-05
fae8df78-5042-431a-baf6-bbfe7d2d4f03,6.0642053907396425e-06
62365847-7ce4-4a8d-8822-fdee03e98fab,0.000551424606576104
a6eee1a7-70dd-4dcd-bc60-c237cd5d559c,2.4480279372748025e-05
3b00ba6e-fd87-4974-84ee-95a6bd04cc6a,1.4328410066514294e-05
7e191bdf-eb5d-45ba-86aa-f65b36823c42,2.8464217908877808e-06
4a093e81-ba22-4424-9736-747d4e95df50,1.2533512855328751e-06
9bce53df-a7ad-43f2-b277-f6204709209c,1.749673303382315e-05
a3a96bc3-764a-40ec-88ef-3b51acf2ff2f,0.0001545462453160739
fd540257-9993-45b6-8b5c-eb9ad8395d82,1.9260853434215044e-05
5f2b660b-f4f7-4005-bdd7-9e402829e9b8,0.002167463951187151
44a91fdd-2dca-4ac0-a947-4767d8f6b994,2.889918212340167e-06
f0855f1e-af42-4c52-85da-718efd0e1d12,6.596505214741718e-06
7a42654b-9a33-43e5-8518-4c4734df0ac9,3.211582389625519e-06
ac78985b-7187-4ccc-9d01-c254cecc64b1,0.00043561375358308434
fb1ad1e5-e500-42ca-8ef5-1b5a546ced93,6.173802827500108e-11
6b18bdf4-7b40-4f82-9d87-41eb9482fa60,0.0032415340290170122
9e2c9de6-17ef-482f-b05c-3c9d6f7f2e0a,2.5347933970501464e-06
c5ca85c7-9e06-4d08-a503-19ad4a1ae7f2,0.41754573825695596
ac25c85f-293e-4cb7-9b74-d6767ab37c4b,9.501759153562592e-05
c2c460bd-1de5-480a-850a-6aec2ccc3761,0.022311658190061444
bfab9b6e-e157-43f5-849f-4bf18bec4ba2,2.095301787890446e-05
8358b58c-7d9a-4bcb-a852-8041bc13070a,0.0012289427087141139
bdf1410e-d638-4c26-8a92-c45eb4801ba3,1.9854212339461386e-05
f2f94a15-4312-46cf-853b-9be375380067,0.0036467971282933553
0064496e-cd85-4d9c-82e5-9e88cc435fa1,0.4051410025355692
b0d5e036-f7ce-41a7-9db6-b9ea35781461,0.001430915566601963
32a8dc72-2fb6-4d49-9fcb-08526bf58c8b,7.796583904380587e-05
dd9f79b6-fe89-4fc5-9bf3-25d4e71a6e0d,4.810558892316614e-05
67ac2445-1e1f-4a11-97d2-690e9a7aac08,2.1955210231999996e-08
915f0870-dd09-4d3c-8142-7129cf72d9f9,0.00016195733439527602
67415db3-642c-4a3a-9a37-88126c808828,0.021158334796231134
8ac42601-175f-4953-91d1-7deb57914b66,1.3371072105394424e-06
57dd99de-e2ba-474a-9c03-e3310bf6d798,2.4671082697032014e-05
e5c7f4b0-b75f-4d78-8605-0312c65e9d33,0.00110471107217915
86f6f9de-0a81-4395-b71f-06607c69e1d3,0.004242266598770625
3182cf1a-6ac3-4b43-9854-cd9d8df1ec04,1.341135575670983e-07
6e37be38-e340-42fa-aa65-3614103deb60,0.0018081743870161726
ff0b0293-a0eb-4c7d-afcb-ea2c09bc2464,4.277740790492439e-05
e90401cf-4fd6-4b03-88e2-bc6476d4ca40,0.00013899796212288174
cfd0bfaf-c636-4454-aaa0-c8a55a5dc449,7.410003740587184e-05
70dd1532-22a4-4ec6-a9b5-51504716878c,0.00017816058025179785
dbb96392-d623-4b31-9576-16e38894a647,0.0001156866985308506
9cecab84-08a9-4a07-8e6d-b7a253d4a9ba,0.00013727841274691977
7a5330f7-5ca3-41db-92c8-ed21f2ef64ae,6.504129938899314e-07
489dfb43-f5ab-4637-bcfc-79a5530d9465,1.311866037339563e-07
761e88cc-d15a-454c-8946-a14bfd1075a2,8.53849770392838e-05
58ff4abf-fb82-470f-8940-519eb08619e7,0.00015952824986577882
28398a23-1003-4e01-95b7-5d0cc108e8c0,2.377775506765486e-06
47cb9f49-bebc-4125-9ca0-4e74b0e6c552,1.4272864562669216e-05
3d5e2650-f516-4e84-84b9-511681d29093,5.969719041785381e-06
87ba2b3f-a39c-4405-9cbf-abeb0a7bd8ab,4.281837547214357e-07
62a3331e-9e6f-462a-89b6-49cf24b47ea9,0.0002126517655309039
fc9ea7b9-27d0-4091-8bac-fc5f8bd57a74,0.0002853399638783848
9ba09c9e-acd3-42b6-8633-60b74505d034,0.0017746027784278629
032e290f-02f6-4ab6-9ee1-90b5da8a1ee4,0.006661315671252246
d3515494-11b1-48c8-a73c-d8b39f33a5f6,0.00027337908792615683
c2943f2b-9349-4afc-963a-43dcbc8c7ff3,0.0026000880170601614
6f2f6076-1f9f-4a43-a821-a31a3d4d4c88,8.811526237517663e-05
b6ed1599-b876-4f14-a298-a5f93683de5a,2.1040400390171212e-08
9ef7b504-2b18-40f4-95c6-e7cb67913877,0.0020303581875002934
7e0acbb5-c600-4d80-9a5b-c9fb55e50162,1.4283130436027796e-10
b09a5e15-78c0-4434-970a-4058fe1c0353,2.7370107020941895e-06
34c3bf78-43f3-4999-93af-751b43d4ce05,0.000732277614249877
e7bb94b5-64ea-4463-b97d-340d588f433f,4.527989174379011e-06
d085072f-de6a-43c6-b173-6ed1fb8ae139,0.9360156115283369
b0bb7106-4b8b-4db8-b4e6-ec1f634f21ea,1.4038318019924034e-05
27f8083d-be64-47b6-b306-77e8285bf931,2.5192093447085036e-05
57e53445-694b-45e2-bc7b-3be53b254874,2.6850501895401276e-05
55af522e-60ee-49e3-9087-a6487ae4a3bc,5.2102670876236295e-05
f02ad369-0c00-4ffb-94e5-db65ad9af9e4,1.5089127884668688e-05
5f342f6c-d3c3-4c4a-b127-3084047cd541,4.4328379262674e-06
8979a594-9963-49a1-98f4-6a6fbfa8a728,6.46729759153848e-05
25f02b92-cbaa-4820-822a-21c9b46ae05f,0.0004139058726471308
5e8ef8e5-596f-4bf3-b4ee-2a0304beb6bd,0.00011749700931424847
deeb1118-080c-4cbc-92aa-7c97bf643477,2.475946880466027e-06
adb686d8-5aac-4f01-b252-e9a62b536fa0,0.13156757724538848
5d60a8b6-4e16-4b5d-a06c-eb3339df375f,0.0003360597023300285
b24fe90d-46e4-4514-8c4b-c2e98eccb1e6,2.655963281727477e-05
15575ab4-37db-4c61-9dc9-6c097673f8af,5.839890854323232e-05
92cd630d-b7f9-49b2-a53f-4d84934edeeb,1.677813265947243e-05
a642ae6c-2487-410a-ace7-32878e3f4131,0.05937201425624422
ff1f6f98-0aca-40b2-be57-f15e5ba0e184,1.801126502488003e-06
6c22396b-6d82-4947-be9f-22b7ffdc3e8c,3.433443866193187e-06
f3dc29f4-0a11-48bb-aa3b-e53b098fe5c3,4.4868549799492966e-08
3bf04847-3da0-4bef-bae4-2e610a42afc2,1.0622747380883894e-06
d6c865c5-272f-44ea-9cf5-a7f25beb9eb1,1.52795856863109e-06
db261d16-a7c5-4ca0-81da-e8843620a3b6,2.0053303750041457e-06
a93bd22c-8901-40d5-9d72-9732300f6d50,9.254172045880199e-07
833fdda5-75a4-4870-b4ef-78bf4574fbd7,7.072611371830319e-06
995bc1be-dd08-4f8f-8092-a6f9ec045044,6.583354545245432e-07
43367eb0-4de0-4e87-9920-607c3f733bec,5.556842688308483e-06
1fcc3cfd-5acc-4057-b5a7-dd586ae21be4,3.893405498795428e-06
bbb220ac-920a-43f6-a269-0bf4ce5a901b,1.2152177735013259e-05
7dbc2065-cec0-4798-80bf-22d17f54bd12,1.947874178028379e-05
b2d99407-a0bb-44a2-bc77-f1f2996859bd,8.505628241258336e-06
25ef5e17-67da-44e5-8094-facc02828c21,1.5002840301529815e-06
30cbbcba-7912-4853-b359-3187fd3f62d6,8.287724506937656e-06
a6768ca8-0985-420a-ab84-92af670a4383,4.700561571433975e-06
a767ca22-791c-44ef-a654-c5ea720e2fea,6.513463151346784e-07
ae61c72b-a155-45e3-b0c3-826fb2334503,4.7285964215265915e-07
8f5b56e4-b6a0-439f-90e9-2f57eba99f99,0.00034932102562137084
881616e5-cbc9-4742-a367-988053865330,1.2758652322344357e-05
218cc063-dff0-4a13-9899-7e2d45885353,5.423275548564065e-05
9fd21f35-e589-49ae-b5d0-83133a9dcc32,2.489412406368831e-06
7d9f481a-0c60-440a-b3d3-c86f96035f07,8.351682100978109e-06
c1afe981-073d-4308-9f28-e65d752507a3,1.9878500836016984e-12
e5eb9ec9-4d1b-4066-8f84-1809aec8b13c,3.586962210240691e-05
737dd167-d589-4947-a0a2-0eca70a36468,3.126009281893802e-07
deb4d9b3-98e4-4b5f-b967-2a7c512429c0,5.319283130348038e-06
4c930e9b-b99e-4422-81a5-b1dd1dcbf1a3,0.005357948950182123
58cc7695-279c-4789-a247-6d68c108f788,1.0196457104679613e-05
97d95fe6-3029-427c-a862-99d6dad22acd,5.21665676633802e-06
57e542a9-32ad-4fe2-9ef9-93802e184f9e,4.87177422343508e-06
46d1dd59-de4f-45d2-912a-73f7f7d19534,5.562067026718633e-06
57f4a0d0-a89e-429c-8a63-477b09943ffb,6.460428705615762e-06
22089643-d716-4995-8186-64d0d19bb9f9,2.5783937970951543e-05
4e62be4a-42e3-4c2f-bb32-577271699b6a,4.5504152354531097e-07
24b8c96a-2f5f-44f0-9a23-b503d285c6bb,4.040791141323752e-07
d32512e8-361e-4e36-a811-d8495da8c548,1.1767270207160784e-05
8e51c914-3378-42a5-8220-956a33688f76,1.0108207673274599e-05
b02e6364-a274-4c35-937a-a86d5c47f4c8,4.7793875442768985e-06
136f2584-cb15-43da-b632-a28233ec86f1,7.647302761501665e-06
3542eb02-443f-4c83-abc5-9835608495c1,5.3254417040882944e-11
4dd866e4-f860-4033-8b02-17efc88dff27,3.881497937106709e-06
c75d9330-2b62-4acb-b02d-ebc1e198a05f,7.512377095182781e-06
f9960fb8-18b0-410a-ad4a-f012a2d1dce4,2.3121623672351677e-06
72baa6a9-9b71-45ba-8168-77e307e54f9a,1.4106971772808676e-15
6665f75f-82e2-42d9-8735-d2377aaff9ab,1.1020529584127295e-06
bbd84b40-28df-47c4-ad34-b62943d62137,1.0940777284510948e-05
a156956a-a43a-4b11-b2eb-92ba0260bcc4,9.757872107599616e-07
dff1639a-7b82-4e46-9827-e901ad2f6511,7.4697393710141535e-06
43e0c20d-bbd0-433a-9b36-1f2effa2c663,1.5828217560288593e-05
33b66169-6740-4b03-9878-dad7e1af41f5,8.370900183451193e-06
33da269b-da14-4c1c-8201-072e1df87a76,1.1208125188268437e-07
287a960f-52fa-4819-8b35-7a6b4fc4ff67,0.00010969342892911431
6ea953ea-63ed-4b24-abed-1b46047085d3,0.00010152568232300211
362a3b62-90d8-4385-8c9f-b677cc905e5d,5.165236134189264e-05
4b3a9f30-1c56-4ba4-b748-9b58f879e9a1,1.6624615648954322e-07
a4200cfa-5c8a-4d8e-89a1-c569f87f48a7,0.00238337897434728
4d535437-591d-4ae1-94dd-2617de0ee8b4,7.714761480795471e-05
b09a0f0d-97d9-4e53-925e-ad637d71c8a4,2.5516738904009426e-06
98bd020a-c00c-46dd-9631-d4e8eb44056c,0.00012072315816595481
c2d53945-bf21-47c6-8317-069ad07baab8,7.396002554419773e-05
cb20da96-0504-409e-b242-17ac44f2cc91,1.0457375796099382e-07
843e51a6-4d85-42b2-bb3e-f85e539932a0,1.810477965160556e-09
be8c16c9-d14d-4d93-b257-323eaf898c3e,8.731003419204517e-08
23329f71-e939-4e2c-96eb-7d5d5f609a48,1.554137446616049e-05
a1c03a4d-b3f3-415d-aa19-64b36cb2b8f3,0.00014774915202105305
b8300e1a-9dd0-4b7b-be83-352c8ca54094,0.0005291720886085434
d2364371-1b12-4a55-a563-3fd5e2a64cf7,1.108961396486432e-05
58ccf1f0-5f4e-4a40-ba02-0f795e1d8f89,2.459316327379612e-05
46d0763c-6da8-4a9c-9fda-a690048e8f3b,3.3622617707009414e-07
2abbf835-e124-45cf-a788-be1fde26004f,8.953538874970166e-06
f9ab4525-09ad-4464-9264-1cd1e9d6192e,0.0014554641321421406
e10d25b4-bc05-4f71-9edf-ef6f4912bf39,9.89336245493472e-05
3a6ca6ff-fb12-415d-b30a-7da44da765f7,1.0706986567711663e-06
f823f6aa-d269-4653-80dd-02b0083ba686,6.137976284817512e-06
d2c5809b-e47f-4a25-8c24-ab187d8e8b25,2.902623187296199e-05
0e4104bc-d1e9-41bb-a0aa-874aa6105513,0.00017382535980204171
481420d2-97c4-4370-bd5b-f5be8e92f973,2.0736451041239405e-06
bcf47319-a6b2-4f78-a82c-a8a200cf8784,0.0006114091078360639
13af826b-8bc2-49c5-8817-4745898d9e3a,9.152453844378301e-06
a1c957de-69ee-4b06-9c36-2f28b5075ade,3.7696711284402593e-06
47115626-e84d-41a6-aa06-40d1f7c873f7,0.0002291303837371938
17e08bbd-df5c-4739-a8c7-ef853c670271,2.3827518563263928e-05
758fe89b-a561-4fd7-9e56-b85e3bc8239d,5.293655523396371e-05
09749845-6b18-432e-893e-de8d8531660d,2.6535495767361845e-05
b9e00101-d055-4492-b301-c744977d3b02,1.1298299332528086e-08
dddfd44c-9826-43a2-98c0-e121a4b03c00,0.000257691157942326
68f6813d-5660-46c2-85ca-31d8f10850d6,0.0016280864919313639
3ed2d9d3-15b0-4cda-900d-1df37a1518e5,0.03039405009286265
3b2c65dd-ca50-4b18-9c2e-75fbde444210,0.000398435489758722
83933fd7-e980-431a-af3e-0bc15d26bbba,0.6918340023136234
be06b928-f06c-4619-8aa4-53d0e450dfa0,0.0006876709526545962
ee93591f-0aef-4420-a07a-2c3c1b85dc94,6.214900181636548e-07
3f892d59-606f-4d79-b862-dc6cfe9cabf7,1.8340851091253603e-09
9ea269f3-83ef-42f9-8f47-336206d73483,1.6938632562092e-05
3860b827-f2e2-4a34-9a2d-0ea1c7724d23,2.1749581644835487e-05
6af0e7af-4fd4-479c-be3b-ae0955f953de,2.554633348500711e-07
3eb5c7f5-b7f2-40ad-a930-8e4a6e1a09c0,3.279216730367718e-05
b2d3ea18-d7a4-46f0-94d4-3768d5072f3b,4.230888943590963e-06
037dba8c-e656-49fd-937e-22b0c7065542,1.3332738241025864e-11
300117a2-b8e3-494d-9991-6e7b0e3506e6,1.0769744300531598e-05
9560fa70-03c7-4257-9c1e-1ee6fbb25fa4,7.001189791683354e-05
2a1d2f0b-3475-4f46-9f09-a71bf88ae8cf,7.511555316371244e-06
6867df2f-3811-4915-a6bb-0ab68b9c32ed,0.00011885383888553394
a1981d07-68f1-48b1-aca7-8a4db78e62f6,0.001015152555241942
f84b9538-fea8-4192-a116-9fb16c8c6265,0.00035681198798793453
26cf423c-d207-4d1c-b64d-6df5f61f0197,1.3809626267447753e-05
7bd2930f-58ab-454e-9610-e3788738369a,6.019948507727093e-09
6be3a05b-6139-4352-a9d8-2dff85974077,8.523531550588027e-07
ab2319aa-f23a-4f74-85a4-33da6e676660,3.556759709575172e-07
10e3cc04-d865-4e28-943b-59e81635136b,0.02712532563937151
2ebf550d-2d80-47bd-a24b-926f05dfda24,0.0012237731577324409
12d6dc1e-0f32-4dda-8e43-98c2671c8501,1.5797904476312865e-06
2087ac84-5b8c-4bb6-9574-936062ba8c19,3.827086891323919e-06
4665fc35-2ba6-49d4-b167-211e0d6c2343,1.70962149738991e-07
4f5567d9-ccca-444a-a9de-49a89ef617fb,1.080307909482827e-05
4b940f9f-aa2b-409b-b523-d2a3acc632ec,1.1820143790971052e-06
6372ba63-aa56-4722-b8be-2a777239152b,0.00024016136148620186
b1193850-89c8-44f2-9092-9163a903b897,0.015274442818574492
d7e767a0-3819-457d-b57c-d0b198ff0f91,0.001072054152396936
f4106ed7-cc35-4351-8c02-63db6ee1e10d,0.0004740631500219466
8e50e816-5323-46b8-9308-e7aeacc4eac3,0.00017609963920157452
26c29a80-d3d8-4062-93d5-93e26049432e,1.449784448142038e-05
dca42d57-7efb-4045-93e1-82a1f0d890f1,1.1592121191400206e-05
c8381146-c74b-4ceb-af32-4fe4cf503705,1.1022746622487826e-05
accf1962-b497-40c9-9dcf-78c8c3bfc1b1,1.5246291067486355e-07
8cb8470a-870c-4914-98b1-39594250abe7,1.677494847710848e-06
1e213ae8-c893-4992-bc00-5c6580faa65a,4.053034600835043e-06
dcc19460-8665-4a7b-8352-35919b6f29cc,4.70305141312609e-07
4f2a8810-1b1d-4266-a2ab-d5a95841baad,3.6705864425952145e-06
a1038e52-69a1-444a-a1c4-cba43c67749a,2.5838330773490802e-06
c401c17f-5aa5-4ee2-aabf-1479d620eceb,5.679199221699664e-10
278151fd-a34f-422e-8f92-70fb625f69b8,0.7193739626758654
9943670f-ece3-43b1-87c1-0de9d0e35ebd,3.3380054975668294e-05
4f2562a9-973f-4754-9ade-2e7b11090d54,4.798332682209194e-05
a2fa06e5-e31d-4412-8cc9-03096445da57,0.0001307749533213756
7c9d2e09-7607-40df-b324-3f3e5c8d58f6,6.612930857193566e-06
a60ba842-0668-42f8-9841-8589d9153a42,0.00022976309653071603
87c4a299-d6ae-4acc-9b84-7247d05e8dec,4.714787533938221e-06
c3b8ee35-252c-4b5e-ae65-9e4f240f28fb,8.949077298950953e-11
42d9c4f7-cb54-4581-9906-c49e642480ec,1.201988821301125e-05
a0104877-800b-44a8-99f8-facb30f74890,0.0011423388302189026
efa56b5a-2b70-44c9-a644-d9b974685b9d,8.990639331674284e-05
4b1987d8-34d6-4a36-9da1-5834467fb32e,0.07845792474262045
1fe1f5de-6105-4212-b37b-4486056ef16f,0.0005528317641764542
9ef5667f-3713-40cf-aeaf-a6a700980098,0.007842895124633816
6be86c99-670a-4e7f-9b68-ade1c970c04f,0.13031596240801877
ffb2c905-f286-4176-91a8-c1f3afd12ee2,0.0010646719787580539
0b18ad67-bcf9-41fb-89df-dec5b77f6eb0,1.3089373794220475e-05
b53fdfea-e615-47e2-aedc-dfd2b51f9de7,4.70290169194542e-09
dc4585e9-126f-456e-a81b-82e40a7c5c6b,2.0339385120395087e-05
a5925e9e-d031-4c0e-b1fa-7189d0957f29,0.0003125355392777558
9b599249-1f5f-444f-a654-53ff30c7a73a,0.0002750299165143313
1b11d9a7-51a0-412f-a5c2-7bf9313d9662,9.23489158273724e-07
90757ba7-c79c-4b47-a5e7-bfac2438561f,9.527245238860266e-09
03e1bf8a-bd9a-409c-9100-03a68300a5e3,1.2351080549332527e-06
0f2db54a-b279-4036-93de-0ef100064f17,2.7582188337357812e-06
eac01b72-8d9c-43d9-843e-13351fd1a88c,0.0007169417713771613
5b2a913f-284c-45a8-9948-df771ce3cce1,0.0015029882950486114
47ca9e0b-7579-46a3-81e0-5d5e7da58583,0.0002815488299353541
a242032d-61f9-4e14-9bea-c733248e15d2,0.0010777393218852742
921ee0a2-a915-40a0-ad2e-8cc355a9f614,1.0380330695825948e-06
9b428401-df79-42a7-b004-dd655a1145ba,1.4455149450664407e-06
51e0581a-6b77-4b42-8d85-75d8dd184e06,7.949031120624933e-05
2100ab0c-6ded-4848-91ed-58789e14af2d,2.0728511864878383e-05
851fe0d7-c985-49e8-aa83-4cb640759675,0.10087573937447722
e58fe6e2-822e-497f-be20-eb7b3ecc0088,1.346932278426161e-07
d458261b-4090-4c3a-985f-0bfd7c88c343,3.4688684930682447e-05
5839326c-8e07-4d72-a08b-e9b997cfc98c,5.413568637337072e-05
0149c522-5720-472e-a2c5-4ced2860e53e,1.7394926145585822e-07
8dae027c-07e8-48fb-a26b-4783b8e63a20,0.005250301127459111
5c526105-e70d-402e-80a3-1f23aea53183,0.00017308063332552987
e12f9d06-81bf-4693-95c5-e7ee20673f66,0.0001929605628789049
0858ba52-6e1f-4201-8a86-d7433d8b5973,3.5707987198939656e-05
9680849b-b60a-4fcc-b160-7b6b80eef3d1,1.470805665531432e-07
8d563fff-dafc-4667-9760-cb5f64523ba4,5.255509763464969e-05
baa601ae-b5f5-4b41-aefd-84edef0b42e1,1.5683142209994298e-06
a7342527-3695-43a1-9c1f-74a161a6dca6,8.663368133315337e-06
90c1a8d6-1227-4cca-b3f7-1ba3ab3c7707,1.3099211422634584e-05
d7d3fc94-469e-43e3-889f-c5437669952a,8.816861922005665e-06
ba52dd72-f5a9-4bd2-970f-b44b874ba3fd,2.926588386777207e-05
a89dc59a-c038-43ef-898a-b8f2994181f5,1.3621093082605107e-11
5cccb6ef-f122-41f4-8460-5d35fde90199,0.001824895919874007
df442f3c-9247-41f3-aad6-2a400172db39,5.209332833040531e-07
dd4f495e-fff3-4d21-a16d-c5245b50bb35,6.591575832568735e-06
6ad85937-a5d4-48be-98cf-bc133c43dc0c,3.6865440261484637e-06
839f9c56-f3e6-489f-b7da-412836c22c0d,0.022093639190351566
a580bd08-e4ac-47f4-8ef5-1fb77c48bb01,0.00012095535040130676
96d493ae-3ecc-4ab6-aa03-43e128f636a8,0.0009523691200330525
b49c897b-1361-444b-a6ca-fd7db94b26f4,0.0011794436379271354
51566ef2-8bfb-4f57-ad02-9f03d6c5b3eb,0.0007252785408485291
9f727f5e-3a6c-4fa0-ab31-f40058672556,8.258516240414835e-06
9e63e199-e124-401f-9a1b-d9fcf64799af,0.0020987031890348645
f468ca2f-6089-4f72-af9f-3d0b4d165def,0.0005616679163733022
2dbebed7-0066-450a-980a-591dfbb27630,1.5009638076193582e-05
7e511c84-0884-4fe0-8aa3-2bf93cf9258f,1.591738773255182e-13
d39dfbd0-7d9f-462b-bcbf-9b827a0cb254,3.4730688185688483e-06
23ac78ae-a8cc-4d5d-8b9b-a83c1e13c93c,5.702132463400338e-07
49a9aa1f-1d6e-4794-8b19-e64a1b504987,1.773139065463295e-05
3d277ae5-a387-4287-aa1c-7b64b3831e5d,2.044262510370675e-06
7cfa138b-42bf-4dcc-9b22-c334b0ce8339,5.304666177811017e-06
14df9ee2-567b-4d16-9a10-5f18154d7903,1.7535576943597039e-06
327bd070-1805-4ed2-91af-7346edfb1f11,4.81333702789295e-06
b3bd4242-d8f8-4e6b-bb56-7ff324b8ba24,7.875031360161826e-06
f14631b2-bb4d-4f99-b23d-b6b9c8358b54,9.536441238843028e-05
00bc8c83-d927-49e7-a62f-e48674d3164b,0.03839017774586823
451b369d-bf2b-47d4-9d7d-6b7f30ab76aa,2.595163541533132e-05
cdf188b1-2236-4dba-9e9d-79aeab766d79,2.794349156369804e-05
c6c77920-c60a-45c3-b4a3-064782857615,0.00346280814895501
a7e78bea-31ac-4a66-ac63-1d728f9c0ff5,3.873351251159024e-05
4ceeb702-540a-490b-a762-15978234ae7a,0.0004073227740661204
f00e1b9a-6d0b-42ba-9f77-dd0dcaf08837,1.852719300356937e-05
65f5cfe5-06fd-4203-a4ad-892a1be59bd4,0.0026791429986000427
d7f87a81-d900-4654-9b24-9fc48ee075dc,9.649054010032007e-06
e6264a6f-23df-4107-8a00-49ae98a63cdb,1.7517560222472035e-05
d0151456-475a-4efa-b486-25452f233e5b,3.9675834090751095e-14
001c48c4-e106-49a3-bcaf-d4ec8851d0da,2.7479888380437653e-05
645ca2d9-542d-4dc7-990e-60eaa530e62b,3.0425218881855555e-10
c47b8cc4-6e96-4fa1-95d3-7ae7864ccd4e,6.930957975739308e-05
98c00c51-7a31-4302-83a6-767f18eff993,7.410984687027183e-05
a4a7b24e-6f0a-4454-b56e-a6db4c7ae618,2.1282882170602495e-05
36297052-7ba8-4ffb-ad12-e8f37d73cf3d,3.100881599311854e-08
73ba6792-f343-405d-b3f9-c1aa5abada86,4.5117116530517314e-05
c7b982ce-f831-48a4-932c-c09e359c2158,1.1405799039546482e-05
95f40228-b227-4db9-abff-a18c6c94e4cf,7.828391651161201e-06
231843b0-fc5e-4eed-a6e3-0d761c2f3199,0.005719898749098369
f1d5b7c9-50e9-4753-b4fc-8ed73ea54169,0.000815025790372059
a34446a9-476b-4570-957d-d7708afec1d8,0.15163567531889574
43918b4c-16f6-4b40-be28-d46c8278e062,2.2642241954005335e-05
d0016c1a-38f8-4309-b080-4b53a4732492,5.494816171674451e-06
97bfe767-4dbd-4f4f-86aa-6709fbdfa3a3,8.02580623902889e-05
d2b1b243-6fee-4895-8c5d-4cb66428dfd5,0.0012222038547989736
8cc07801-4b99-4dd6-a05b-57d18af4a8e7,0.010221535611121177
7757a82d-9564-4b19-ab5a-8863614dcea3,0.00377333584891851
1055ebe1-48aa-4a86-9e92-13ff7347f874,0.00046701071363046355
449dff7d-1dd6-4248-a07a-e3c3d6507a15,0.0018302917150958937
5403f071-d19c-4a78-b4d8-bfa8f71780cd,2.1313516066690984e-10
c132342f-6148-4d6f-83b6-c8f38be41fad,1.3455455249557753e-05
70dc963e-a752-41b2-8dbd-9684134067d0,3.3753316642094172e-06
eb88fa81-d6d4-4971-a1bb-1d9c91c39291,4.907502748623519e-06
0bd7cd5c-874b-4e09-92ae-22b4bc72edda,0.0003754958025929353
b7a35a98-314c-4209-af28-b4d0c5853cc4,0.006089658679394966
bba414ae-cbdb-4f8f-ab9d-c9f88a30d756,1.6385232336912675e-05
58e87337-a994-4a6c-846f-c49aafddc339,4.594935974361827e-05
d7cfd3cf-3097-462f-a307-7413d991dca0,4.348804260028291e-05
f2624abe-35ec-403c-ab30-f7aa4ee3cbe5,1.6373114474019543e-07
faf3c2a7-0a76-485c-95a8-1135e2d0900c,5.655987427473729e-07
8727f347-413f-4121-bcdb-844630d2368b,0.0002579374685110265
184f7e20-f20c-482b-b0e0-75de32bbdebc,0.0018151022301589302
44efa04b-f1f3-4470-b9b6-81c25d6d5967,0.0011195359333624347
70a08caf-a8c2-4f95-9854-d630eb15c1f6,1.3668287459835891e-05
7cb8f1b4-e1ef-4638-8e38-e79ca12486b0,4.72637186610932e-08
8bad664e-eab1-4b21-8946-b04ffccdb30c,3.827376240594207e-05
e246271f-1dc5-4f64-8be8-f4a9c5a8ee74,2.336687219426822e-06
f8dab391-e2c0-4cef-9159-51fdd75d8d0d,2.590194891885704e-06
393ee593-c45c-410b-b215-f7e172088fa9,3.3259113717517947e-06
ec28e8bf-bb63-4aed-b3e5-2854f02e04f0,5.841472866496729e-06
09585823-51fd-4954-9406-b2c6a01467dd,7.424063074643245e-07
c0a89875-3998-4363-8a5c-07c256baaa4a,0.0014196877091060514
fe574e79-0385-4d4c-a574-c71928205014,0.17810771128384825
6e785d68-196a-4255-ac1d-f049b5a69204,2.3258718651389283e-05
433c64b9-e6ff-4cb8-a6b5-57a80235b4e4,5.457585623858015e-07
caa848c0-d8f9-421a-94cf-078a30bef17b,1.517845273577181e-08
60571590-16c0-403b-9639-47fc734fffd2,3.5976920348357415e-07
ef56b090-a9c0-4bc5-8867-b26ff0e58bf7,1.900966801067259e-05
407927f1-9fe2-4829-b8b8-938a65141af2,1.5002369362816188e-05
78eb5976-5654-4292-92e6-620c52ec31d1,4.315463109601829e-06
5eb1b236-02f5-476d-a230-b6bb0b82eb35,1.556836353501504e-07
3ed92243-188e-4529-8023-0681cc039cf9,5.399436992193473e-05
5eaf9c1c-b13b-48c8-8ab2-fc84f3a85157,9.292814322033097e-07
280ee334-0367-4081-8990-f5eaacccb83d,1.315831357745082e-07
2225d2ab-1f8d-419d-b030-ff5d0adf4d7a,0.00010605621731459807
11596e41-07bd-4754-83b1-640699492911,0.0004195006018064819
f453c83f-f08a-4676-9725-f6c0c848081e,1.0977328066792786e-06
b504ea5c-c125-4d06-a059-dc8a86036e34,4.9741083869783646e-05
9a380c32-b0b1-411f-8d7e-82799e9c9dec,2.0501489038065525e-05
a984fae7-96de-4296-b40d-784d9e45fe49,1.2472554109850422e-11
29343c94-ad6c-444c-84e1-bbef28289efb,5.108110047941315e-05
81d93d4f-746d-46b0-ab52-1720f639b349,7.803984514489301e-05
1e9de6d6-c2e4-48fb-80b0-9495dccf7da0,2.370623949045877e-06
fa68b928-f64f-4c82-afc6-7c3b8a460dcd,1.7328662870482518e-14
35f0e82b-6a37-476c-aadf-989626781b04,3.0934635184931724e-06
c55913d2-cebd-4eca-8b27-f547480dd042,2.574960354326744e-06
0f3547af-b94c-46e3-b249-a397363cab34,5.184679048668719e-06
925fdd6f-d717-40fd-91f2-b566b11de59d,1.9124926136159755e-05
a2a1ab6a-8b7d-49ae-a9ac-14d46f908659,5.9427270962580144e-05
4c2416c3-ed61-4f4d-9f71-6f6da72f28c1,6.815497300240739e-06
4aa8393c-b6de-402e-af42-d1cfe65e4f32,0.00029701368221071603
5e15b063-ff00-4f8f-8e8b-b8da256698c9,1.6976452804077885e-05
c4aacc20-d27a-4ac9-8f1b-2303a3d32f5a,2.9955365309203328e-06
32993505-bd40-4706-beae-761184ddc9de,2.284913506519559e-05
e28ce2f1-0201-4434-8d0b-552d152b0710,2.096962616115323e-05
2259d15a-c0c4-4e93-85fb-2390a05616be,6.768010296790382e-06
688d9320-c1ca-4be1-ba62-bb5b27c54e21,0.0006787041877158422
8195f53c-d259-4f39-9e34-25c8045b45c7,0.4676591358848693
bd759915-08a9-48b0-84e3-f275d3bfa959,8.235013159893361e-06
d5e5376c-a706-4578-ad23-c14d323acc4c,1.7663177171102645e-05
4a699070-0a6d-47f8-939c-38295c794b0f,9.59157577002248e-07
84f61e49-c74a-48a3-96af-17347d361f1b,6.39701031012839e-05
f972213c-9f2a-4e46-a69e-2eef9091f861,0.004958922224287679
b2fbdcca-0a96-411b-bcc8-9183d4b925e1,0.001848251598000911
5c56264c-6115-42f3-b8fe-d0e3b521808c,0.0002479904801528493
d391119c-a124-4fbd-9123-a332329bc41d,0.010340323753837883
1fa608e4-8580-48ff-8e37-8410db122f85,1.2937075241538435e-05
723d9a18-4fdb-4c31-bfff-0f91e6ab5ded,0.0012476319847436865
6f8609ce-59e9-449d-8d9a-269b20c37a62,4.341099103877759e-05
d7b969aa-b3c9-4d3b-a454-2ce641bb3a40,1.8139321064076614e-05
17fb1bb6-a7a8-4aa2-96b3-5e276314ab17,1.3404701866981351e-06
197e7c3e-8410-4339-97e6-70c373a4f027,5.18064082218547e-05
c8a38f04-ae88-4831-9222-2e280f512127,0.0004815406822620417
af8be9ba-7054-422e-b1a7-bbe99a5764a4,2.5247911052467426e-05
5baafc61-375e-4efd-be90-0c89cc90db69,0.004411722248563114
2abbdc08-3dfb-40bb-a3d8-682d98b35004,5.641353194132807e-06
9f98fbc7-a60d-41fa-a430-8e43591b74a3,0.0009063277619533738
822862b6-d027-4a06-ab64-f023a9fe4491,1.0517146110120067e-06
cfc7e762-5e4d-488d-b103-af0f18ce4fb3,6.15547504704839e-07
38ab8c57-a03c-4f48-beec-830daa7357ec,8.422038435094187e-10
19860b24-5b20-4513-aa31-ff48bba78fef,2.7201488099307272e-05
4dbbb2ec-1e79-43dc-9441-72d840231f61,4.354238235804038e-05
6e19bb86-5252-4258-b33a-92cb55f7e15a,0.00011436726811665474
818c3416-2535-4976-ab34-0646dd22955b,8.348294460135608e-06
575aff19-5c26-481e-bd81-85ca490cf2ce,7.087891751513748e-05
94a10ee8-d196-4742-b534-85afc43e888e,3.0995971684331196e-12
32961231-d72d-4683-851d-db578a28c5ff,6.288837426377303e-07
77905c1a-a26d-48bf-8579-4a6ec7c92de7,1.2009941235250054e-08
e552c841-d13b-4992-8aa6-3dde128d04fb,2.363740982364203e-05
f44241f5-4f9f-4c88-ada1-323ac0e050c4,5.36880979974772e-07
ea224e00-787f-4b1b-9752-73973e2d3127,6.5274739428145885e-06
b22b2981-58b3-4c21-b7b4-637b0d419e44,0.0004574606281170133
d4856431-230a-4087-a588-a8cb80fb5a0a,3.579300533202746e-08
c64052fa-e417-4e37-b7a8-692d7bb24a1b,9.369640456713037e-05
8670f17e-02dd-46d0-9b31-56cf7549a36f,1.1160874713179389e-06
2cb8d8a0-6f5f-4d6a-a350-4f6333c5c0e1,0.01472488316976618
8208a43d-0ec2-46f4-8a2f-957601185bd6,0.0001360991590984638
69ef277d-5505-4e92-a27b-311c58bbac54,0.9704411226902426
8400b2c1-dd14-430d-81b2-538cfe8cdc0a,0.0002439686337602862
53309504-1c7e-4ef2-aac6-f04301f595ba,7.79231914445681e-06
83e8a4c1-0568-415e-9fdf-c5c654f78abb,0.43075530932335165
9bc44a09-8f5f-43b3-be57-7bca40be3d47,2.8525399903432413e-05
0fc60829-061b-4ef3-9a51-8e3d50b78ade,0.1855810041338448
4b10c6cb-ca3a-4879-ac20-55090bb9653c,0.1419542931809292
49304c38-4f84-4568-b4c5-6192c6df2548,1.0757628814991736e-05
c341da51-e1e8-49a5-aa62-42b19e2f9946,4.471425316789127e-06
145fc2af-9156-407c-943a-c2f16637453a,0.0018445937425166144
489b4569-779e-45af-ab43-c8ef64bf81d6,0.0006018429051058302
f8e69f3a-9cf8-43be-8da1-55e4b760a6dc,2.8693738388312256e-05
a7e491de-ab9d-4316-a8d1-c6adf20419e7,0.0001612896584730474
d082c048-5486-4df5-b055-98a3b1c24252,2.352468787523432e-05
3d99b633-9449-4ef1-b34d-dd3ddd2f24d7,0.00016219364604781614
24350928-3502-46e8-a52f-3ca1373fae1b,4.822255298803979e-07
2c7c00ec-2be6-4699-8023-25be3866c535,1.4412493499078845e-06
583fc9c2-aa22-43b0-ace3-d40e3d0ed530,8.223757905220189e-06
f1995471-4cef-423b-a5e8-60630b5ab494,1.0687535748335926e-08
dd638fd5-4fdf-4c8c-9f6a-6e7669b906e1,1.95619946659789e-05
53ba0084-d12b-43a0-9e31-8d7d48012f98,7.394713727611137e-12
2302c071-9041-43d9-961f-20307ffecbe4,2.8279066751586864e-06
f9a25f9c-d1f0-44cc-87aa-dab94a044abe,4.2827080604118054e-05
b397bd2b-a7fa-4add-807c-dc99f22720c8,5.4076631099768055e-05
30fb7191-efbb-43d8-b1e0-2d88b764ea8a,1.9006429396603228e-06
8303cd23-3413-4af5-b9fa-6d42cfeba4ac,1.071837412264917e-06
a4b486ec-ce91-434f-8d51-5b53f38d2164,0.004791834231217518
1dc64222-46c3-4ac7-8c7e-60e234699f6a,2.094606425056921e-06
0e3a511b-e8e0-48ac-8d90-bea3a975a8df,5.755882485109909e-10
dc3c82d9-7f0a-462e-b649-f9a4bb86ceea,4.6616162736607104e-05
b8f7dc9d-f422-4e84-bd7c-d86235d918ea,2.670220571937626e-06
a93925ca-68d4-4168-b400-12cd6316477a,1.7386432167361345e-05
826c2cd5-6498-43f2-93a9-017958aed96a,4.076462030975642e-07
166c3b3d-d136-41bd-b67f-79745f5ef42b,0.038506553285917934
9dc6c137-3827-48f6-9bcb-56274d8313dd,1.907192321186106e-05
310093db-91b7-4245-b972-6765c0dc769a,3.374184150242093e-05
29d50e4f-e16e-4538-92d2-801718ed5f6a,2.668322061080096e-06
d9f7c427-6996-4907-b562-65cdbb998170,0.002829559502847483
810a4589-ea1d-4ab7-a9dc-930979e551a8,0.00213691502752783
98dcdc6a-197a-41a8-a969-cdd25856e191,0.002089729096819176
ea1ac026-fdc3-4176-96b5-d70a57c6e654,5.7791069997889994e-05
a992a3ca-b1e2-4301-a552-db6d56ca216d,0.00813642545470428
8fa9d89b-135d-4c72-89db-6abd1df37fd2,1.2023208282272143e-07
07733d13-9806-440a-bdaa-e8310b5a9571,2.183851949673433e-05
dfb84693-7971-4cff-b898-f99788abd851,0.0007143091921636035
da1cf013-6d4c-4fef-8526-f99acda65ac0,4.587189231290628e-06
a0103a62-690c-46da-bbe2-96bbd29b4515,1.1502036062447136e-05
16a3e65d-f1db-44d7-a4e4-c6b71cc4b69b,3.914043392255158e-05
c6d2d714-e368-4735-a9ef-49463629acf6,4.982969551683477e-06
f85e0180-55ec-4507-a0d6-060572f60b6c,5.09869424600289e-09
c1f97d16-2637-42c6-b8f7-93a34b810687,0.9175349178581484
132291b1-68c1-4c6d-aaee-d8d667d39f03,2.5616022329935436e-09
9c135acb-72c3-4396-8689-661bb4141a75,4.0898480506345405e-12
7baa8acc-5233-45cc-a695-46a6d45b5c8c,1.8472063732134816e-05
4d596326-3818-44ba-ac52-c9311180edb2,1.1831639469826017e-19
6771b937-d686-4abf-8247-50cf5208d0a0,0.00029134697400701534
175f1fd2-49a7-43db-ae9b-58d67c7bae74,4.111511848309078e-08
f6d2f216-52d3-48eb-a0e7-e10c69684918,2.849685730426349e-05
09bf330c-7bd7-46a4-bec4-c2c2ee5a5113,3.115665594796188e-07
1014acde-c3fd-4ee4-977f-e7d0a36b0797,4.741202109675694e-05
01d778b3-c2da-4097-a054-98f7c432adc5,0.0008764835743719361
221d9ee9-d925-4029-b4aa-aa6ee86b54fc,3.8644035524530347e-07
f6652474-ea0a-4f6d-a40f-84455d5fc436,0.0005617918087747488
5b2ced0a-6dde-46a9-8e24-3760575d808a,3.2640531695376957e-06
9814e5c7-235b-452d-8aa1-b0dfdf6e1e22,2.472340334041199e-06
7fc87f78-7bd8-499d-81c4-fa56a43fac63,1.0717589941494785e-08
e00e1e2a-97cb-4e56-84c0-4698d59b94ba,6.785655243521339e-05
43d51cfb-5f21-46a6-b583-a043a2511074,4.517457829225935e-06
d9abad39-7d69-4156-ad87-e9abccb21e0d,0.0008370856205362209
c928a424-19ec-444f-b8ed-4d17bc5a0a51,0.00010970168947073362
0c0a8420-13b9-47ba-ab86-0244667dfd40,2.2628822881381613e-05
9693ab07-c54e-48cb-a415-34c03e78bba3,1.0585026900940276e-05
ebd7a76f-4c50-4c0f-8307-8c4477b0d204,0.0001268681421562395
2631db7b-6a92-42ec-bcb4-82e59c511992,0.002768501106215695
a7561c73-2f4e-44a1-bce5-554a9b0bebb0,0.006391306161414609
5fb0178d-bb5e-4474-b1c6-f326157e2716,0.9999963653382056
9ab7ad97-d2a4-48ef-8008-3aa02b2bc25d,2.7565009297475435e-06
ac0f3c26-cd41-4fef-a8be-f351a0db2780,4.2446772419737194e-05
db92be8c-e1cd-4965-8ecb-dd1b4f9eb912,0.0005714713896628693
671ab832-e7e0-4929-b0da-678607323046,1.822627533893825e-11
fb9cfe7b-068d-4831-8587-7f7517fc7848,0.0007004610249523051
20f1153f-4397-4c81-91d5-30185ef0db68,4.2287047378468665e-06
57e2b3af-2812-4c81-b720-fe9c041132ae,4.975401764398649e-09
bd6a0f1d-7007-433e-855f-fe540f8f4b28,9.607784027393888e-06
6ab6daaa-d052-4154-9704-97c2254d8d19,0.0003160501768684978
9c910013-05da-4af5-8f20-a4b1484b3593,3.6619301494487445e-06
6e61d2ee-56a4-4eb4-ae09-d30ca6cce272,9.501629526914192e-06
7763c64c-7411-46f3-bedc-5c4e32628979,2.605518929550677e-06
9420c53a-296e-4364-8888-a5ab04004eac,8.512295968594197e-07
95094a6a-5871-47be-aa6d-5914bc4130bd,0.008239332794601284
5ce23c99-d2c3-4b23-adc4-6c991f6a8b34,4.924933651473527e-05
b95181d0-b4ab-4298-a023-eefb3f59fe9c,0.0010488003478056117
1909fe4b-63a9-4d1d-99f3-1112c41c5134,0.000867127425888854
6ad94591-976f-4a36-9dfe-8aabb644e18f,2.289524972845868e-05
5f4e415b-d325-4a82-a1dd-382688490801,2.2979151031212996e-05
cb5c6312-da02-4c75-90aa-945b292e3466,6.6401745501427096e-06
5320db02-8efe-4fb1-ba97-db60300ef8d6,5.529150394218011e-05
60e5b055-0212-4422-a8fe-db4069774f1c,2.5514515068125847e-06
da5f1b95-333e-460f-a223-4c208472d9e3,1.1451624044655704e-05
cfdecab1-04df-4490-a984-0dc165546e45,5.73482352109729e-11
a92aa402-1357-408e-9b8e-cb6acd5cc91f,7.968377951886462e-07
74411033-c97e-4389-9d1a-90f1694d3000,8.20891002271402e-06
f137c40b-6b8c-4ac7-9377-b1acf918284e,1.5889516187849955e-09
d436a173-6359-4052-b494-c32508a11aa4,5.818065933909481e-06
bc164e94-7c8c-4f9c-b532-e617bce209e9,5.292670013178697e-06
9dbdbbc1-8181-4dbd-a484-8fe8aa6e8f1e,2.9553534693274686e-05
7c5009c2-892d-4455-8fc1-4b6e595177aa,0.00016248214747216987
2ff0a56b-d989-4e58-8df7-ab872ac99902,2.245784814722287e-05
0931ed5e-31ec-473e-addb-62b4b64765ae,0.006282317126860449
0e80df31-0566-4116-ae35-d7da6c40ee43,1.5375981373930409e-06
c752c401-37e5-4f65-a76c-cf129388c72c,0.09361274485748397
e66f322a-019c-4cec-b0a9-16170eaf891c,1.86551486679163e-06
f85cd733-9a01-4b24-ae56-a9d84a82a6c8,0.00012587851719078125
fa73b75a-a6b4-46d5-a787-be49437a7be0,8.778842919805032e-06
960d6c57-2d48-419f-8c01-932dda17bac1,0.0006196864529735235
5aa1e4f1-c65b-4ad1-a210-e06495348a56,8.741399368091489e-07
0444ba09-5873-4d20-9317-c91b25c9a406,1.1339014756445874e-06
d0530b47-a36a-413d-b8da-56bfb0a37588,8.895886532469555e-06
2e30313f-2829-4e80-869e-5ce6c7f247b8,0.008270151289418628
ab7b6ae2-e5e5-45c8-a8d4-853df3a2d348,1.2497432274691102e-05
c3ade4bd-d87d-4a47-b895-41f1d6bbcec2,9.961474320303384e-05
a3a0d3fb-0b25-49c0-a969-e2c1b453410b,0.0007458385923098716
031dd696-da0b-4df0-8aa9-729ee90d6cd9,0.00028526630385475457
0c815f78-6b9e-4fbf-ba4a-e3165f89c5e6,5.976199628801747e-07
900fbe5b-5ca5-4543-b155-c0f070c770a9,6.6326819323706135e-06
a7a41fc9-6b52-4bae-b30b-4b44c63e1d82,1.2616374186220299e-11
e5e4f7d5-0247-470c-b6a5-b7e39bb84909,6.722539709291371e-06
54c985bf-49ee-4ef3-97e6-99f73d26a357,6.172753209836963e-06
8e4109f6-dc5a-4efb-824a-53a35edc22e4,0.0006793489435573093
e3e4cd13-688a-4ba9-a071-a0aae7e22367,7.035248494437804e-07
35d856de-b746-4445-869a-6db90a65db14,2.185616543205037e-05
ce1c2982-cf21-4b79-85d0-6c7288645279,3.8013660459534623e-06
724a88ac-ab6f-4ba4-8876-5f8692e36792,5.1401341566824095e-06
a16cbfe5-82de-4200-9343-9563399e626c,0.00036017579689435694
1a0ec465-edfa-476c-8f90-fa6e0fad0104,7.852771296790295e-05
fc670f97-d5d5-4d77-8e1f-81e8fb5a4e1d,7.974841251604665e-05
fd76d3a2-f843-48c4-9cfc-7c032ff364c5,0.040014565892184266
2fb2697e-cfec-435c-b7d3-cecf6f2a4be2,9.222600752041122e-06
4a380c15-e6b1-4763-9876-eef2d76bc741,1.2348634721176223e-05
ec1f1069-3c79-4779-9555-fc4a99c29a01,0.0005004619475399577
fe2878a1-ecb3-4c21-89fd-b48d90eaf18a,6.316007637809719e-05
7f74e134-b85c-4d1d-a938-747748bdf0f9,0.00031792743610934955
d3fd345a-8b41-4e46-bb5d-0a2b4bba3f72,6.615348776079406e-06
69ef24e1-0e2d-49ca-b3bf-7377e80c0340,1.838676562800412e-05
c3d46a33-9003-443d-91b5-5f0d759d3893,3.3061685769320784e-10
fae379c3-98df-43b9-91e0-9ac5663fa670,0.22633255991042245
9bf216a0-953a-4cdc-8899-90ada024ffe6,2.559941597980106e-05
79341ff0-1cea-4cf5-9df3-bc2933f841c7,6.0929210720107615e-05
9149bbaa-f336-41be-bcda-79a24b9adf26,0.00033249902475114
5b819977-8912-4eae-92ec-55f8ee8d4b46,0.00018343950194931418
9c84ba87-14bd-433f-a295-c9f5a682a6db,2.0382653053834296e-06
5dd5e201-9ddc-4605-b5a1-15a6dc244207,0.0008866786654158614
51c7659d-191f-4c5d-a270-de3a68bf7e51,1.1962788360443033e-05
4a7a2dc4-d990-4d0c-afab-0edf66eafa73,1.589094934107653e-06
9dbf67fb-be77-4a2c-b079-967ff2f8d46c,0.0009099287665158402
e7f4e23d-b502-4f9e-8d17-64ee1499c040,5.2698372128739555e-05
8940f003-50ea-4bc9-a3ee-9db5bcc19c0f,7.47840878185383e-06
5fb8a019-2bbf-47b6-940f-2f6e26d62ea5,0.015188794703013295
4b6ef86e-0d22-40a7-8bc5-7797bac3e174,0.00018155790449245193
92c9fe17-f0ef-429f-87b6-a56bc814e120,0.0459268383294174
e48ef8cb-cbb0-43fe-ab04-278b286c15ca,0.00025986304403779
1355809f-bd1d-4a7f-b8d5-202e09ecb7c4,0.17243150552575132
c5eada21-62a7-422b-8beb-929a64dac43d,0.00010281286400002924
25b9ff00-d46b-405b-9c2f-3e60ef342839,0.004605677462557917
58b1e77c-ce4a-4ec6-9b6a-f54c243c0db1,0.0008573806355686915
f449ff3b-7170-455c-8250-20ee62ee6f38,9.037669341630856e-05
52afd8e9-2e01-4331-808f-3b06372477b3,2.4204089987021663e-05
a6a8d69e-f287-423f-8885-857658db5296,2.8347616998308078e-05
16002ee7-9655-46e7-b941-7542c78dd487,6.187462444829588e-06
45a95bb1-137d-4ffd-9462-814a9f215e27,0.00032347511473958555
ff9be123-1712-4e5c-9ec1-6cf4396af044,3.8556609590989826e-08
ebdedb1b-b41c-4bfd-8909-f85146923b46,1.3457314546029056e-06
fd783610-0a4c-41e8-8e06-933d18506fe5,1.6526052635099188e-05
17a1a275-b676-4998-9cd6-adff763282e8,9.636939928603605e-06
e8b2086d-c7f8-4f71-95f5-37bd8d1fc4fd,0.0012195009700694745
90a6edb6-e0ec-4827-ad76-d677d3ea5fb8,0.00025943508483237927
c4ce7e20-6210-4561-a402-a9686a26f368,0.014893256370102598
3626d9a1-bbe5-4f2e-b6b7-772be05cf982,0.007314691302781253
34659635-d0c5-431e-8e65-14ab055cc328,4.437851352679131e-07
bf9ad18a-2eaf-43c1-ab02-10273452bab3,3.9920894045960377e-10
b25823cb-24d5-4799-87f5-1c8ac55fcf79,6.895847842063864e-05
bdf76ae7-f137-4b09-80bb-65622b295333,0.00039063135565271193
5693948c-7724-4f9c-8c5c-29f6d915744d,4.074592278821313e-06
243a6fd2-26c2-4b0c-926b-11882cee0264,0.00036837053320840194
1e6e96a3-f2b4-417a-8b98-4026bfa8e507,0.0019375468138878675
a89bc5a0-ce57-4e8d-815f-6697d0035594,2.641766499010476e-09
b1bb9958-54ca-4aca-8fcd-7f0ab16fe454,1.0500406324648074e-05
6e586052-208d-4cef-8452-777944b32094,6.029985500379372e-05
43f3104b-6233-4e6f-81b1-db8306ae6752,4.44027464672081e-05
6ce404c6-905b-4076-b795-f77a78a3757c,3.6508596661519955e-06
7623b711-01b6-4948-b413-a2a231e7ec45,4.1321144905842575e-06
851c3956-6d07-447d-838c-6a8edd965ecc,3.0449599827283624e-07
485ed82f-24be-4dfb-b221-4104af36b205,7.720312701211655e-07
b955eb7d-81c8-4ebd-a2ab-48965001fee1,9.28899288371939e-06
1c150527-5f04-481c-bc1a-94e983f2f570,8.298351270269155e-07
0d829cc9-6d97-410c-aeeb-babf783a3461,2.657240219181935e-06
51646f8b-e32d-4d91-93bf-e2a686cf9ad2,0.001374387995370191
01c0347b-a279-43f6-a4a6-3ef15b5c4954,3.947981945004179e-06
7db1523e-d121-4e9e-84d4-ef42ab3cebd8,2.10049899006283e-10
fc8e2457-0a89-4ce7-937e-7ff97c991f08,1.6983158236239895e-06
520d5eef-35df-41a2-8bad-c62f00ad5009,6.5230845810688385e-06
a289dd3f-1023-48dc-b1e2-a202fddeefe6,2.86151365104815e-05
13eb31bf-e912-4559-a3b2-a75981621c6e,0.00035807529451060505
95176c60-9a01-4957-8f87-4985619ca26e,1.6549778317659153e-05
9e6bcd37-308b-4a8f-a2ee-81e7bec177f9,4.1788763749244616e-07
4bf4445c-2df2-4522-bf45-5406f1cd6f11,7.509968706449676e-06
0ea1b188-aef9-4ead-91b0-6f692776e623,2.0064588101917916e-07
93988858-49a9-40fa-af8f-534d282d15a7,0.014110178232322431
dacbc06a-3a52-492a-a01b-0352272574cd,1.8115228878647613e-09
cdf4d1bb-2569-4ec3-962e-d643d82584cd,4.702407367315365e-05
f93e19cb-2006-4e73-bc23-75c77713f603,0.00016644470887023792
94784a82-5b91-4642-a694-98dbc6c7c9d7,1.6539777706289006e-06
3f800d49-6f6e-4520-8644-a3bd27666f46,1.4178271658667643e-05
1f2a7f6b-aabe-4605-8285-ca58025dde0d,3.6507862797402133e-06
e5c3769c-1734-405f-a3e3-1dc536d8d0e5,9.00306484439921e-06
84cbcc13-2b7d-4fd9-aed2-e03fa0590711,4.5571385841888206e-05
686a62c8-0382-48a3-a9ca-f22b11fd3c00,8.417727714939601e-05
905279a9-109e-4dbd-b77a-328dc438710b,0.00024978872080898024
daf8be9a-7a53-4665-81f9-43e1b831b407,0.016885374034875698
e7288825-5e96-4a81-9fd1-f29549ccd39e,8.856731394053827e-05
95e560fd-21b4-4ec5-b3e7-6e03fccbab1b,7.886789030867723e-05
0797b710-50d7-4d2f-b75d-dcd478fb823d,4.026536525144746e-05
6caa392d-5663-4773-b7f2-cc0d4ba5828e,3.277582350665277e-11
fe6557ca-f80f-42fe-8a72-19df3dc82417,1.3664563526876077e-07
2391cdfb-8e63-41b2-a270-434fbcb97ea8,0.00023119927435429427
c7a9a6e7-6931-4c34-abbc-2b471bf9d008,1.3875498860123025e-06
89d51add-81e4-4813-8ddf-3da52cc61a16,1.9480109577054637e-06
3210d748-8c4c-4b3f-9458-dfb4ae83d5fa,1.6059042073407244e-06
5f95e7dc-43b7-498b-a0fc-9d4571448cb0,1.6922102524940334e-06
5d112e8a-675a-4441-abe3-fb02f3845819,0.00024151559529535588
135dc859-7831-4925-ba4d-304f6d89a29f,4.666934912340089e-05
3ef25259-9306-4571-b876-2d3883c36d8f,0.0002747865213962006
81c2c46e-4650-4d76-9d8f-c2e3f878e391,4.934086274656898e-05
65fcfb9b-109e-4356-9d3b-baaaf92aad28,3.758237969306068e-05
aa3b6b7d-ea94-47a8-986c-d6399f665d2e,1.4968128423080323e-05
603dbedc-59d9-4fde-a08c-1186bb7cd286,3.342166052611832e-07
0ae9cbc1-fb11-4f17-9702-e88da59f8285,1.7648898436950956e-05
00aa72b3-63d2-44a7-940d-388e1d3298e4,0.8571024162081362
cb8414be-ac5e-4613-8a07-0fa0b207d332,0.0003392631959059562
663fb91c-7116-46c4-9ea0-afaed6f072d5,4.044550602984788e-06
b31f8ff6-da20-4366-85e4-ea5ccd08c3d1,8.366411299592766e-05
02e0188d-2424-47d3-81c6-9bc4304f0179,2.8849297479335854e-06
c737c943-e62b-4c17-b88b-b2cc0462bae0,1.5475665144012928e-06
51082d7f-d55d-434c-a9c9-d7b2fd540ee2,5.0393586751165555e-08
c0091598-5fd3-47d1-a481-470135da309c,1.2466702997445727e-05
fd921611-5134-49fd-b068-fa9d5a54648d,3.1789140610246836e-06
a91d1bd8-5550-413e-88f6-0ff3cf5fcd80,1.8164836972671698e-06
3c0c66a0-26ca-4b6a-b717-b2b802888818,0.0002258372364660295
e51656e1-a482-4aac-b3a2-59539dcc52c9,0.0011685427798151411
f25172df-b4ff-4928-9414-2412644bf7a4,8.57807151199329e-07
5ed8c5c1-5132-4f2e-9fe0-aa68bf3c9bad,3.748836247119657e-06
89c5961a-1f34-46f9-9afc-68ffa4ccab54,0.2579875055948058
436809d4-b4ca-4219-a93d-f29a6e788adb,3.934759649939666e-05
b2b8663b-3e43-4577-bbeb-a34f67b1f062,5.847978083569887e-10
3671612a-9f3d-4334-b0aa-be13a13013d9,0.002397811111998581
50f080b2-eba3-4c20-a396-1b5e79acaf1a,3.136822875559476e-05
0c5d2050-fa5c-4751-a3cc-078c1a47f53d,0.11129322251454953
5e88a6b9-4c1d-4d4a-8245-63c629b9a41a,0.00013538805666540434
20cbb2d6-1bb0-49af-969d-06baa28ddbfb,2.9374644340399645e-10
9769621c-e685-45a6-9ca1-1f43b2966cc0,2.5008206571882096e-07
f165152f-bfa5-43cc-87f2-6843a8cf8421,1.7875204795433324e-06
6ff5a211-02a5-4934-b051-c86ea79a0610,1.0267146613038124e-11
61cc487e-84cb-43f0-9c9a-26407afb0ff8,6.681380140217353e-07
7c6daf5b-57e2-4b1f-ae7e-a2be4853536a,1.6321690562279755e-05
33a80014-b026-4c84-9f0b-8a2408e2fa5c,1.3583651878339518e-07
6e971e07-416d-4c69-bdd7-b316a0995806,6.646631523448623e-05
79d0f7a7-f207-429c-bd57-025f95babd10,3.639254153868576e-08
1ac9e836-fb39-4a0f-9bc4-d1d2627cc877,2.8268392526184776e-13
7b1241ba-b3ce-46f0-90d0-d38a309d8d8e,2.2558887902976197e-07
fe5cf3ea-b27e-4495-a4ca-e94040617893,3.7039143808131024e-06
ee833709-6d9d-4b22-a66b-003ffd239796,4.179582797233451e-14
8cafe563-0675-403e-957d-613ea156d8ba,2.731634008374443e-07
064a2cf6-2c36-4f8f-9f4d-be59d08efa6b,0.004810695542229701
82d0e599-1c50-4fea-8d0a-edb2e0a5f593,0.000368995121820904
90a03619-6403-4583-988e-412161eae9c2,1.1826943478855943e-08
aaf808c9-6115-47b5-bf0a-857aa33f0f1d,0.0007680932721002599
414f5a4f-05c2-443b-8755-038c6455655f,1.6125215092377465e-13
81a95309-cf67-482c-97d7-90c6cae52488,0.21584374355535615
b17ee1e0-8784-4267-94b5-549e1d70931a,0.10964813459014482
42a51d34-95e7-46cc-b63d-8e6053a4ae45,0.0069439868717897455
6a962632-1609-4446-8fc7-1ae946524ddf,2.0817979909980752e-05
c2443007-7332-4875-8b7b-6f93ca4568aa,2.3621276278054737e-14
9f6d45c0-355b-40b0-b3b9-306fa70c2212,3.634505030841063e-05
57ab3262-a0ac-42ea-a045-64cb76922185,9.709788336426332e-05
3b4bcd38-ff10-461a-a53f-d51865e609c7,7.135176961148799e-08
4ac25125-07f6-4fd6-af77-eddc98ce2742,1.2093880158702876e-07
9cf37c64-ec3a-4d7b-bae0-2361fd2d6498,1.156505066830081e-06
3e7491d4-1196-473b-b2ce-f5f78cba671d,2.015660152982006e-06
e90752eb-0f58-4bfe-99fd-690d2c5a06f7,1.1185118390031622e-09
fd6b127e-283e-46ad-a3a3-8fefff1ce641,4.1143613513596854e-11
b26cb594-9fcb-4243-bb54-003c00c418e7,1.564332797136926e-10
ec8028f9-7472-4f2b-9d69-66f666f27e3c,1.7013857246579476e-11
6e3dea33-66b4-4927-8d04-7073c8f01995,2.52302191483612e-11
c098342c-b216-4634-88e0-2639b94c4605,1.2143486059398847e-10
a25ec6e4-5679-4de3-bb2c-24ab4a453399,4.041139622812867e-06
1d76ad16-2def-4d50-b0b0-41dce25dc180,2.92334989456692e-14
44da72b3-7e70-4755-9c33-7538cee01040,1.8045473100270914e-11
87b111e5-798e-4851-ac50-6e1a998a792f,2.126241854660009e-09
81c5e309-dcb6-48d8-a57b-4746ae4569a6,1.3392057458353739e-12
ce50ff7f-a19d-4804-a6c5-a395faf4e459,1.572942031807634e-10
de1252d7-1c6e-4b1e-b112-fd74444171f6,1.0524896553641162e-07
75d9bc34-71ab-436c-ba69-7e8b92426d87,3.818372802079104e-11
6378b1ed-7579-4ab0-b6c1-4cb731b0cf49,2.5473627595830375e-05
9d543ff8-45e1-42db-a2e1-463b874231db,1.9713516536890466e-06
fea62e4f-8f5d-4b40-b82c-a57f134b0f44,0.15222667857449124
d656a2f3-7e9c-414a-9e7a-41dcf4afa720,1.9779135544542784e-12
0d79b389-5102-4d9f-9f88-00649216497e,6.153284120880076e-07
33cf21f4-0f69-4a8a-b2fb-d0f43f52e2c9,1.22707164837446e-06
c0c5334f-5ff6-4bec-b165-27a76e8cd850,0.8437344903497818
8a74e7ad-c583-4ff3-bd67-1a64fd54a7bc,0.00014355294100228304
4a8ac66f-c857-44a7-a624-f1d4a2e0d472,2.2931133974265907e-09
de9d5043-6934-4eb4-92c6-cb767803a119,1.5370872889647266e-07
2b67cd1e-e104-4540-981e-d828961b210e,3.421678473384794e-14
9eded9ee-0eb4-49f4-914a-f58924797bdf,6.174273757716925e-17
e95d08eb-1273-4094-9173-c47368222c0d,0.018328992936311666
2f315a7b-2e82-44a2-8597-1779102ace09,1.1714030043718163e-05
